,Formatted Date,Prediction
24,2016-11-10 00:00:00.000 +0100,2.0
25,2016-11-10 01:00:00.000 +0100,3.0
26,2016-11-10 02:00:00.000 +0100,3.0
27,2016-11-10 03:00:00.000 +0100,3.0
28,2016-11-10 04:00:00.000 +0100,5.0
29,2016-11-10 05:00:00.000 +0100,3.0
30,2016-11-10 06:00:00.000 +0100,5.0
31,2016-11-10 07:00:00.000 +0100,5.0
32,2016-11-10 08:00:00.000 +0100,3.0
33,2016-11-10 09:00:00.000 +0100,3.0
34,2016-11-10 10:00:00.000 +0100,3.0
35,2016-11-10 11:00:00.000 +0100,3.0
36,2016-11-10 12:00:00.000 +0100,3.0
37,2016-11-10 13:00:00.000 +0100,3.0
38,2016-11-10 14:00:00.000 +0100,3.0
39,2016-11-10 15:00:00.000 +0100,3.0
40,2016-11-10 16:00:00.000 +0100,3.0
41,2016-11-10 17:00:00.000 +0100,3.0
42,2016-11-10 18:00:00.000 +0100,3.0
43,2016-11-10 19:00:00.000 +0100,3.0
44,2016-11-10 20:00:00.000 +0100,2.0
45,2016-11-10 21:00:00.000 +0100,2.0
46,2016-11-10 22:00:00.000 +0100,2.0
47,2016-11-10 23:00:00.000 +0100,2.0
48,2016-11-11 00:00:00.000 +0100,2.0
49,2016-11-11 01:00:00.000 +0100,3.0
50,2016-11-11 02:00:00.000 +0100,3.0
51,2016-11-11 03:00:00.000 +0100,3.0
52,2016-11-11 04:00:00.000 +0100,5.0
53,2016-11-11 05:00:00.000 +0100,5.0
54,2016-11-11 06:00:00.000 +0100,5.0
55,2016-11-11 07:00:00.000 +0100,5.0
56,2016-11-11 08:00:00.000 +0100,2.0
57,2016-11-11 09:00:00.000 +0100,3.0
58,2016-11-11 10:00:00.000 +0100,3.0
59,2016-11-11 11:00:00.000 +0100,3.0
60,2016-11-11 12:00:00.000 +0100,3.0
61,2016-11-11 13:00:00.000 +0100,3.0
62,2016-11-11 14:00:00.000 +0100,3.0
63,2016-11-11 15:00:00.000 +0100,3.0
64,2016-11-11 16:00:00.000 +0100,3.0
65,2016-11-11 17:00:00.000 +0100,3.0
66,2016-11-11 18:00:00.000 +0100,3.0
67,2016-11-11 19:00:00.000 +0100,3.0
68,2016-11-11 20:00:00.000 +0100,2.0
69,2016-11-11 21:00:00.000 +0100,2.0
70,2016-11-11 22:00:00.000 +0100,2.0
71,2016-11-11 23:00:00.000 +0100,2.0
72,2016-11-12 00:00:00.000 +0100,2.0
73,2016-11-12 01:00:00.000 +0100,3.0
74,2016-11-12 02:00:00.000 +0100,3.0
75,2016-11-12 03:00:00.000 +0100,3.0
76,2016-11-12 04:00:00.000 +0100,5.0
77,2016-11-12 05:00:00.000 +0100,5.0
78,2016-11-12 06:00:00.000 +0100,5.0
79,2016-11-12 07:00:00.000 +0100,5.0
80,2016-11-12 08:00:00.000 +0100,2.0
81,2016-11-12 09:00:00.000 +0100,3.0
82,2016-11-12 10:00:00.000 +0100,3.0
83,2016-11-12 11:00:00.000 +0100,3.0
84,2016-11-12 12:00:00.000 +0100,3.0
85,2016-11-12 13:00:00.000 +0100,3.0
86,2016-11-12 14:00:00.000 +0100,3.0
87,2016-11-12 15:00:00.000 +0100,3.0
88,2016-11-12 16:00:00.000 +0100,3.0
89,2016-11-12 17:00:00.000 +0100,3.0
90,2016-11-12 18:00:00.000 +0100,3.0
91,2016-11-12 19:00:00.000 +0100,2.0
92,2016-11-12 20:00:00.000 +0100,2.0
93,2016-11-12 21:00:00.000 +0100,2.0
94,2016-11-12 22:00:00.000 +0100,2.0
95,2016-11-12 23:00:00.000 +0100,2.0
96,2016-11-13 00:00:00.000 +0100,2.0
97,2016-11-13 01:00:00.000 +0100,3.0
98,2016-11-13 02:00:00.000 +0100,3.0
99,2016-11-13 03:00:00.000 +0100,3.0
100,2016-11-13 04:00:00.000 +0100,5.0
101,2016-11-13 05:00:00.000 +0100,5.0
102,2016-11-13 06:00:00.000 +0100,5.0
103,2016-11-13 07:00:00.000 +0100,5.0
104,2016-11-13 08:00:00.000 +0100,2.0
105,2016-11-13 09:00:00.000 +0100,3.0
106,2016-11-13 10:00:00.000 +0100,3.0
107,2016-11-13 11:00:00.000 +0100,3.0
108,2016-11-13 12:00:00.000 +0100,3.0
109,2016-11-13 13:00:00.000 +0100,3.0
110,2016-11-13 14:00:00.000 +0100,3.0
111,2016-11-13 15:00:00.000 +0100,3.0
112,2016-11-13 16:00:00.000 +0100,3.0
113,2016-11-13 17:00:00.000 +0100,3.0
114,2016-11-13 18:00:00.000 +0100,3.0
115,2016-11-13 19:00:00.000 +0100,2.0
116,2016-11-13 20:00:00.000 +0100,2.0
117,2016-11-13 21:00:00.000 +0100,2.0
118,2016-11-13 22:00:00.000 +0100,2.0
119,2016-11-13 23:00:00.000 +0100,2.0
120,2016-11-14 00:00:00.000 +0100,3.0
121,2016-11-14 01:00:00.000 +0100,3.0
122,2016-11-14 02:00:00.000 +0100,3.0
123,2016-11-14 03:00:00.000 +0100,3.0
124,2016-11-14 04:00:00.000 +0100,5.0
125,2016-11-14 05:00:00.000 +0100,5.0
126,2016-11-14 06:00:00.000 +0100,5.0
127,2016-11-14 07:00:00.000 +0100,5.0
128,2016-11-14 08:00:00.000 +0100,2.0
129,2016-11-14 09:00:00.000 +0100,3.0
130,2016-11-14 10:00:00.000 +0100,3.0
131,2016-11-14 11:00:00.000 +0100,3.0
132,2016-11-14 12:00:00.000 +0100,3.0
133,2016-11-14 13:00:00.000 +0100,3.0
134,2016-11-14 14:00:00.000 +0100,3.0
135,2016-11-14 15:00:00.000 +0100,3.0
136,2016-11-14 16:00:00.000 +0100,3.0
137,2016-11-14 17:00:00.000 +0100,3.0
138,2016-11-14 18:00:00.000 +0100,3.0
139,2016-11-14 19:00:00.000 +0100,2.0
140,2016-11-14 20:00:00.000 +0100,2.0
141,2016-11-14 21:00:00.000 +0100,2.0
142,2016-11-14 22:00:00.000 +0100,2.0
143,2016-11-14 23:00:00.000 +0100,3.0
144,2016-11-15 00:00:00.000 +0100,3.0
145,2016-11-15 01:00:00.000 +0100,3.0
146,2016-11-15 02:00:00.000 +0100,3.0
147,2016-11-15 03:00:00.000 +0100,3.0
148,2016-11-15 04:00:00.000 +0100,5.0
149,2016-11-15 05:00:00.000 +0100,5.0
150,2016-11-15 06:00:00.000 +0100,5.0
151,2016-11-15 07:00:00.000 +0100,5.0
152,2016-11-15 08:00:00.000 +0100,3.0
153,2016-11-15 09:00:00.000 +0100,5.0
154,2016-11-15 10:00:00.000 +0100,3.0
155,2016-11-15 11:00:00.000 +0100,3.0
156,2016-11-15 12:00:00.000 +0100,3.0
157,2016-11-15 13:00:00.000 +0100,3.0
158,2016-11-15 14:00:00.000 +0100,3.0
159,2016-11-15 15:00:00.000 +0100,3.0
160,2016-11-15 16:00:00.000 +0100,3.0
161,2016-11-15 17:00:00.000 +0100,3.0
162,2016-11-15 18:00:00.000 +0100,3.0
163,2016-11-15 19:00:00.000 +0100,2.0
164,2016-11-15 20:00:00.000 +0100,2.0
165,2016-11-15 21:00:00.000 +0100,2.0
166,2016-11-15 22:00:00.000 +0100,2.0
167,2016-11-15 23:00:00.000 +0100,3.0
168,2016-11-16 00:00:00.000 +0100,3.0
169,2016-11-16 01:00:00.000 +0100,3.0
170,2016-11-16 02:00:00.000 +0100,3.0
171,2016-11-16 03:00:00.000 +0100,3.0
172,2016-11-16 04:00:00.000 +0100,5.0
173,2016-11-16 05:00:00.000 +0100,5.0
174,2016-11-16 06:00:00.000 +0100,5.0
175,2016-11-16 07:00:00.000 +0100,5.0
176,2016-11-16 08:00:00.000 +0100,3.0
177,2016-11-16 09:00:00.000 +0100,5.0
178,2016-11-16 10:00:00.000 +0100,3.0
179,2016-11-16 11:00:00.000 +0100,3.0
180,2016-11-16 12:00:00.000 +0100,3.0
181,2016-11-16 13:00:00.000 +0100,3.0
182,2016-11-16 14:00:00.000 +0100,3.0
183,2016-11-16 15:00:00.000 +0100,3.0
184,2016-11-16 16:00:00.000 +0100,3.0
185,2016-11-16 17:00:00.000 +0100,3.0
186,2016-11-16 18:00:00.000 +0100,3.0
187,2016-11-16 19:00:00.000 +0100,3.0
188,2016-11-16 20:00:00.000 +0100,2.0
189,2016-11-16 21:00:00.000 +0100,2.0
190,2016-11-16 22:00:00.000 +0100,2.0
191,2016-11-16 23:00:00.000 +0100,3.0
192,2016-11-17 00:00:00.000 +0100,3.0
193,2016-11-17 01:00:00.000 +0100,3.0
194,2016-11-17 02:00:00.000 +0100,3.0
195,2016-11-17 03:00:00.000 +0100,3.0
196,2016-11-17 04:00:00.000 +0100,5.0
197,2016-11-17 05:00:00.000 +0100,5.0
198,2016-11-17 06:00:00.000 +0100,5.0
199,2016-11-17 07:00:00.000 +0100,5.0
200,2016-11-17 08:00:00.000 +0100,3.0
201,2016-11-17 09:00:00.000 +0100,5.0
202,2016-11-17 10:00:00.000 +0100,3.0
203,2016-11-17 11:00:00.000 +0100,3.0
204,2016-11-17 12:00:00.000 +0100,3.0
205,2016-11-17 13:00:00.000 +0100,3.0
206,2016-11-17 14:00:00.000 +0100,3.0
207,2016-11-17 15:00:00.000 +0100,3.0
208,2016-11-17 16:00:00.000 +0100,3.0
209,2016-11-17 17:00:00.000 +0100,3.0
210,2016-11-17 18:00:00.000 +0100,3.0
211,2016-11-17 19:00:00.000 +0100,3.0
212,2016-11-17 20:00:00.000 +0100,2.0
213,2016-11-17 21:00:00.000 +0100,2.0
214,2016-11-17 22:00:00.000 +0100,3.0
215,2016-11-17 23:00:00.000 +0100,3.0
216,2016-11-18 00:00:00.000 +0100,3.0
217,2016-11-18 01:00:00.000 +0100,3.0
218,2016-11-18 02:00:00.000 +0100,3.0
219,2016-11-18 03:00:00.000 +0100,3.0
220,2016-11-18 04:00:00.000 +0100,5.0
221,2016-11-18 05:00:00.000 +0100,5.0
222,2016-11-18 06:00:00.000 +0100,5.0
223,2016-11-18 07:00:00.000 +0100,5.0
224,2016-11-18 08:00:00.000 +0100,3.0
225,2016-11-18 09:00:00.000 +0100,5.0
226,2016-11-18 10:00:00.000 +0100,3.0
227,2016-11-18 11:00:00.000 +0100,3.0
228,2016-11-18 12:00:00.000 +0100,3.0
229,2016-11-18 13:00:00.000 +0100,3.0
230,2016-11-18 14:00:00.000 +0100,3.0
231,2016-11-18 15:00:00.000 +0100,3.0
232,2016-11-18 16:00:00.000 +0100,3.0
233,2016-11-18 17:00:00.000 +0100,3.0
234,2016-11-18 18:00:00.000 +0100,3.0
235,2016-11-18 19:00:00.000 +0100,3.0
236,2016-11-18 20:00:00.000 +0100,3.0
237,2016-11-18 21:00:00.000 +0100,2.0
238,2016-11-18 22:00:00.000 +0100,3.0
239,2016-11-18 23:00:00.000 +0100,3.0
240,2016-11-19 00:00:00.000 +0100,5.0
241,2016-11-19 01:00:00.000 +0100,5.0
242,2016-11-19 02:00:00.000 +0100,5.0
243,2016-11-19 03:00:00.000 +0100,5.0
244,2016-11-19 04:00:00.000 +0100,5.0
245,2016-11-19 05:00:00.000 +0100,5.0
246,2016-11-19 06:00:00.000 +0100,5.0
247,2016-11-19 07:00:00.000 +0100,5.0
248,2016-11-19 08:00:00.000 +0100,5.0
249,2016-11-19 09:00:00.000 +0100,5.0
250,2016-11-19 10:00:00.000 +0100,5.0
251,2016-11-19 11:00:00.000 +0100,5.0
252,2016-11-19 12:00:00.000 +0100,2.0
253,2016-11-19 13:00:00.000 +0100,2.0
254,2016-11-19 14:00:00.000 +0100,2.0
255,2016-11-19 15:00:00.000 +0100,2.0
256,2016-11-19 16:00:00.000 +0100,5.0
257,2016-11-19 17:00:00.000 +0100,5.0
258,2016-11-19 18:00:00.000 +0100,5.0
259,2016-11-19 19:00:00.000 +0100,5.0
260,2016-11-19 20:00:00.000 +0100,5.0
261,2016-11-19 21:00:00.000 +0100,5.0
262,2016-11-19 22:00:00.000 +0100,5.0
263,2016-11-19 23:00:00.000 +0100,5.0
264,2016-11-02 00:00:00.000 +0100,3.0
265,2016-11-02 01:00:00.000 +0100,3.0
266,2016-11-02 02:00:00.000 +0100,3.0
267,2016-11-02 03:00:00.000 +0100,3.0
268,2016-11-02 04:00:00.000 +0100,5.0
269,2016-11-02 05:00:00.000 +0100,5.0
270,2016-11-02 06:00:00.000 +0100,5.0
271,2016-11-02 07:00:00.000 +0100,5.0
272,2016-11-02 08:00:00.000 +0100,3.0
273,2016-11-02 09:00:00.000 +0100,5.0
274,2016-11-02 10:00:00.000 +0100,3.0
275,2016-11-02 11:00:00.000 +0100,3.0
276,2016-11-02 12:00:00.000 +0100,3.0
277,2016-11-02 13:00:00.000 +0100,3.0
278,2016-11-02 14:00:00.000 +0100,3.0
279,2016-11-02 15:00:00.000 +0100,3.0
280,2016-11-02 16:00:00.000 +0100,3.0
281,2016-11-02 17:00:00.000 +0100,3.0
282,2016-11-02 18:00:00.000 +0100,3.0
283,2016-11-02 19:00:00.000 +0100,3.0
284,2016-11-02 20:00:00.000 +0100,3.0
285,2016-11-02 21:00:00.000 +0100,3.0
286,2016-11-02 22:00:00.000 +0100,3.0
287,2016-11-02 23:00:00.000 +0100,3.0
288,2016-11-20 00:00:00.000 +0100,3.0
289,2016-11-20 01:00:00.000 +0100,3.0
290,2016-11-20 02:00:00.000 +0100,3.0
291,2016-11-20 03:00:00.000 +0100,3.0
292,2016-11-20 04:00:00.000 +0100,5.0
293,2016-11-20 05:00:00.000 +0100,5.0
294,2016-11-20 06:00:00.000 +0100,5.0
295,2016-11-20 07:00:00.000 +0100,5.0
296,2016-11-20 08:00:00.000 +0100,3.0
297,2016-11-20 09:00:00.000 +0100,5.0
298,2016-11-20 10:00:00.000 +0100,3.0
299,2016-11-20 11:00:00.000 +0100,3.0
300,2016-11-20 12:00:00.000 +0100,3.0
301,2016-11-20 13:00:00.000 +0100,3.0
302,2016-11-20 14:00:00.000 +0100,3.0
303,2016-11-20 15:00:00.000 +0100,3.0
304,2016-11-20 16:00:00.000 +0100,3.0
305,2016-11-20 17:00:00.000 +0100,3.0
306,2016-11-20 18:00:00.000 +0100,3.0
307,2016-11-20 19:00:00.000 +0100,3.0
308,2016-11-20 20:00:00.000 +0100,3.0
309,2016-11-20 21:00:00.000 +0100,3.0
310,2016-11-20 22:00:00.000 +0100,3.0
311,2016-11-20 23:00:00.000 +0100,3.0
312,2016-11-21 00:00:00.000 +0100,3.0
313,2016-11-21 01:00:00.000 +0100,3.0
314,2016-11-21 02:00:00.000 +0100,3.0
315,2016-11-21 03:00:00.000 +0100,5.0
316,2016-11-21 04:00:00.000 +0100,5.0
317,2016-11-21 05:00:00.000 +0100,5.0
318,2016-11-21 06:00:00.000 +0100,5.0
319,2016-11-21 07:00:00.000 +0100,5.0
320,2016-11-21 08:00:00.000 +0100,5.0
321,2016-11-21 09:00:00.000 +0100,5.0
322,2016-11-21 10:00:00.000 +0100,3.0
323,2016-11-21 11:00:00.000 +0100,3.0
324,2016-11-21 12:00:00.000 +0100,3.0
325,2016-11-21 13:00:00.000 +0100,3.0
326,2016-11-21 14:00:00.000 +0100,3.0
327,2016-11-21 15:00:00.000 +0100,3.0
328,2016-11-21 16:00:00.000 +0100,3.0
329,2016-11-21 17:00:00.000 +0100,3.0
330,2016-11-21 18:00:00.000 +0100,3.0
331,2016-11-21 19:00:00.000 +0100,3.0
332,2016-11-21 20:00:00.000 +0100,3.0
333,2016-11-21 21:00:00.000 +0100,3.0
334,2016-11-21 22:00:00.000 +0100,3.0
335,2016-11-21 23:00:00.000 +0100,3.0
336,2016-11-22 00:00:00.000 +0100,3.0
337,2016-11-22 01:00:00.000 +0100,3.0
338,2016-11-22 02:00:00.000 +0100,3.0
339,2016-11-22 03:00:00.000 +0100,5.0
340,2016-11-22 04:00:00.000 +0100,5.0
341,2016-11-22 05:00:00.000 +0100,5.0
342,2016-11-22 06:00:00.000 +0100,5.0
343,2016-11-22 07:00:00.000 +0100,5.0
344,2016-11-22 08:00:00.000 +0100,5.0
345,2016-11-22 09:00:00.000 +0100,5.0
346,2016-11-22 10:00:00.000 +0100,3.0
347,2016-11-22 11:00:00.000 +0100,3.0
348,2016-11-22 12:00:00.000 +0100,3.0
349,2016-11-22 13:00:00.000 +0100,3.0
350,2016-11-22 14:00:00.000 +0100,3.0
351,2016-11-22 15:00:00.000 +0100,3.0
352,2016-11-22 16:00:00.000 +0100,3.0
353,2016-11-22 17:00:00.000 +0100,3.0
354,2016-11-22 18:00:00.000 +0100,3.0
355,2016-11-22 19:00:00.000 +0100,3.0
356,2016-11-22 20:00:00.000 +0100,3.0
357,2016-11-22 21:00:00.000 +0100,3.0
358,2016-11-22 22:00:00.000 +0100,3.0
359,2016-11-22 23:00:00.000 +0100,3.0
360,2016-11-23 00:00:00.000 +0100,3.0
361,2016-11-23 01:00:00.000 +0100,3.0
362,2016-11-23 02:00:00.000 +0100,3.0
363,2016-11-23 03:00:00.000 +0100,5.0
364,2016-11-23 04:00:00.000 +0100,5.0
365,2016-11-23 05:00:00.000 +0100,5.0
366,2016-11-23 06:00:00.000 +0100,5.0
367,2016-11-23 07:00:00.000 +0100,5.0
368,2016-11-23 08:00:00.000 +0100,5.0
369,2016-11-23 09:00:00.000 +0100,5.0
370,2016-11-23 10:00:00.000 +0100,3.0
371,2016-11-23 11:00:00.000 +0100,3.0
372,2016-11-23 12:00:00.000 +0100,3.0
373,2016-11-23 13:00:00.000 +0100,3.0
374,2016-11-23 14:00:00.000 +0100,3.0
375,2016-11-23 15:00:00.000 +0100,3.0
376,2016-11-23 16:00:00.000 +0100,3.0
377,2016-11-23 17:00:00.000 +0100,3.0
378,2016-11-23 18:00:00.000 +0100,3.0
379,2016-11-23 19:00:00.000 +0100,3.0
380,2016-11-23 20:00:00.000 +0100,3.0
381,2016-11-23 21:00:00.000 +0100,3.0
382,2016-11-23 22:00:00.000 +0100,3.0
383,2016-11-23 23:00:00.000 +0100,3.0
384,2016-11-24 00:00:00.000 +0100,3.0
385,2016-11-24 01:00:00.000 +0100,3.0
386,2016-11-24 02:00:00.000 +0100,3.0
387,2016-11-24 03:00:00.000 +0100,5.0
388,2016-11-24 04:00:00.000 +0100,5.0
389,2016-11-24 05:00:00.000 +0100,5.0
390,2016-11-24 06:00:00.000 +0100,5.0
391,2016-11-24 07:00:00.000 +0100,5.0
392,2016-11-24 08:00:00.000 +0100,5.0
393,2016-11-24 09:00:00.000 +0100,5.0
394,2016-11-24 10:00:00.000 +0100,3.0
395,2016-11-24 11:00:00.000 +0100,3.0
396,2016-11-24 12:00:00.000 +0100,3.0
397,2016-11-24 13:00:00.000 +0100,3.0
398,2016-11-24 14:00:00.000 +0100,3.0
399,2016-11-24 15:00:00.000 +0100,3.0
400,2016-11-24 16:00:00.000 +0100,3.0
401,2016-11-24 17:00:00.000 +0100,3.0
402,2016-11-24 18:00:00.000 +0100,3.0
403,2016-11-24 19:00:00.000 +0100,3.0
404,2016-11-24 20:00:00.000 +0100,3.0
405,2016-11-24 21:00:00.000 +0100,3.0
406,2016-11-24 22:00:00.000 +0100,3.0
407,2016-11-24 23:00:00.000 +0100,3.0
408,2016-11-25 00:00:00.000 +0100,3.0
409,2016-11-25 01:00:00.000 +0100,3.0
410,2016-11-25 02:00:00.000 +0100,3.0
411,2016-11-25 03:00:00.000 +0100,5.0
412,2016-11-25 04:00:00.000 +0100,5.0
413,2016-11-25 05:00:00.000 +0100,5.0
414,2016-11-25 06:00:00.000 +0100,5.0
415,2016-11-25 07:00:00.000 +0100,5.0
416,2016-11-25 08:00:00.000 +0100,5.0
417,2016-11-25 09:00:00.000 +0100,5.0
418,2016-11-25 10:00:00.000 +0100,3.0
419,2016-11-25 11:00:00.000 +0100,3.0
420,2016-11-25 12:00:00.000 +0100,3.0
421,2016-11-25 13:00:00.000 +0100,3.0
422,2016-11-25 14:00:00.000 +0100,3.0
423,2016-11-25 15:00:00.000 +0100,3.0
424,2016-11-25 16:00:00.000 +0100,3.0
425,2016-11-25 17:00:00.000 +0100,3.0
426,2016-11-25 18:00:00.000 +0100,3.0
427,2016-11-25 19:00:00.000 +0100,3.0
428,2016-11-25 20:00:00.000 +0100,3.0
429,2016-11-25 21:00:00.000 +0100,3.0
430,2016-11-25 22:00:00.000 +0100,3.0
431,2016-11-25 23:00:00.000 +0100,3.0
432,2016-11-26 00:00:00.000 +0100,3.0
433,2016-11-26 01:00:00.000 +0100,3.0
434,2016-11-26 02:00:00.000 +0100,3.0
435,2016-11-26 03:00:00.000 +0100,5.0
436,2016-11-26 04:00:00.000 +0100,5.0
437,2016-11-26 05:00:00.000 +0100,5.0
438,2016-11-26 06:00:00.000 +0100,5.0
439,2016-11-26 07:00:00.000 +0100,5.0
440,2016-11-26 08:00:00.000 +0100,5.0
441,2016-11-26 09:00:00.000 +0100,5.0
442,2016-11-26 10:00:00.000 +0100,3.0
443,2016-11-26 11:00:00.000 +0100,3.0
444,2016-11-26 12:00:00.000 +0100,3.0
445,2016-11-26 13:00:00.000 +0100,3.0
446,2016-11-26 14:00:00.000 +0100,3.0
447,2016-11-26 15:00:00.000 +0100,3.0
448,2016-11-26 16:00:00.000 +0100,3.0
449,2016-11-26 17:00:00.000 +0100,3.0
450,2016-11-26 18:00:00.000 +0100,3.0
451,2016-11-26 19:00:00.000 +0100,3.0
452,2016-11-26 20:00:00.000 +0100,3.0
453,2016-11-26 21:00:00.000 +0100,3.0
454,2016-11-26 22:00:00.000 +0100,3.0
455,2016-11-26 23:00:00.000 +0100,3.0
456,2016-11-27 00:00:00.000 +0100,3.0
457,2016-11-27 01:00:00.000 +0100,3.0
458,2016-11-27 02:00:00.000 +0100,3.0
459,2016-11-27 03:00:00.000 +0100,5.0
460,2016-11-27 04:00:00.000 +0100,5.0
461,2016-11-27 05:00:00.000 +0100,5.0
462,2016-11-27 06:00:00.000 +0100,5.0
463,2016-11-27 07:00:00.000 +0100,5.0
464,2016-11-27 08:00:00.000 +0100,5.0
465,2016-11-27 09:00:00.000 +0100,5.0
466,2016-11-27 10:00:00.000 +0100,3.0
467,2016-11-27 11:00:00.000 +0100,3.0
468,2016-11-27 12:00:00.000 +0100,3.0
469,2016-11-27 13:00:00.000 +0100,3.0
470,2016-11-27 14:00:00.000 +0100,3.0
471,2016-11-27 15:00:00.000 +0100,3.0
472,2016-11-27 16:00:00.000 +0100,3.0
473,2016-11-27 17:00:00.000 +0100,3.0
474,2016-11-27 18:00:00.000 +0100,3.0
475,2016-11-27 19:00:00.000 +0100,3.0
476,2016-11-27 20:00:00.000 +0100,3.0
477,2016-11-27 21:00:00.000 +0100,3.0
478,2016-11-27 22:00:00.000 +0100,3.0
479,2016-11-27 23:00:00.000 +0100,3.0
480,2016-11-28 00:00:00.000 +0100,3.0
481,2016-11-28 01:00:00.000 +0100,3.0
482,2016-11-28 02:00:00.000 +0100,3.0
483,2016-11-28 03:00:00.000 +0100,5.0
484,2016-11-28 04:00:00.000 +0100,5.0
485,2016-11-28 05:00:00.000 +0100,5.0
486,2016-11-28 06:00:00.000 +0100,5.0
487,2016-11-28 07:00:00.000 +0100,5.0
488,2016-11-28 08:00:00.000 +0100,5.0
489,2016-11-28 09:00:00.000 +0100,5.0
490,2016-11-28 10:00:00.000 +0100,3.0
491,2016-11-28 11:00:00.000 +0100,3.0
492,2016-11-28 12:00:00.000 +0100,3.0
493,2016-11-28 13:00:00.000 +0100,3.0
494,2016-11-28 14:00:00.000 +0100,3.0
495,2016-11-28 15:00:00.000 +0100,3.0
496,2016-11-28 16:00:00.000 +0100,3.0
497,2016-11-28 17:00:00.000 +0100,3.0
498,2016-11-28 18:00:00.000 +0100,3.0
499,2016-11-28 19:00:00.000 +0100,3.0
500,2016-11-28 20:00:00.000 +0100,3.0
501,2016-11-28 21:00:00.000 +0100,3.0
502,2016-11-28 22:00:00.000 +0100,3.0
503,2016-11-28 23:00:00.000 +0100,3.0
504,2016-11-29 00:00:00.000 +0100,2.0
505,2016-11-29 01:00:00.000 +0100,2.0
506,2016-11-29 02:00:00.000 +0100,2.0
507,2016-11-29 03:00:00.000 +0100,2.0
508,2016-11-29 04:00:00.000 +0100,5.0
509,2016-11-29 05:00:00.000 +0100,3.0
510,2016-11-29 06:00:00.000 +0100,5.0
511,2016-11-29 07:00:00.000 +0100,2.0
512,2016-11-29 08:00:00.000 +0100,2.0
513,2016-11-29 09:00:00.000 +0100,2.0
514,2016-11-29 10:00:00.000 +0100,3.0
515,2016-11-29 11:00:00.000 +0100,3.0
516,2016-11-29 12:00:00.000 +0100,3.0
517,2016-11-29 13:00:00.000 +0100,3.0
518,2016-11-29 14:00:00.000 +0100,3.0
519,2016-11-29 15:00:00.000 +0100,3.0
520,2016-11-29 16:00:00.000 +0100,3.0
521,2016-11-29 17:00:00.000 +0100,3.0
522,2016-11-29 18:00:00.000 +0100,2.0
523,2016-11-29 19:00:00.000 +0100,2.0
524,2016-11-29 20:00:00.000 +0100,2.0
525,2016-11-29 21:00:00.000 +0100,2.0
526,2016-11-29 22:00:00.000 +0100,2.0
527,2016-11-29 23:00:00.000 +0100,2.0
528,2016-11-03 00:00:00.000 +0100,3.0
529,2016-11-03 01:00:00.000 +0100,3.0
530,2016-11-03 02:00:00.000 +0100,3.0
531,2016-11-03 03:00:00.000 +0100,5.0
532,2016-11-03 04:00:00.000 +0100,5.0
533,2016-11-03 05:00:00.000 +0100,5.0
534,2016-11-03 06:00:00.000 +0100,5.0
535,2016-11-03 07:00:00.000 +0100,5.0
536,2016-11-03 08:00:00.000 +0100,5.0
537,2016-11-03 09:00:00.000 +0100,5.0
538,2016-11-03 10:00:00.000 +0100,3.0
539,2016-11-03 11:00:00.000 +0100,3.0
540,2016-11-03 12:00:00.000 +0100,3.0
541,2016-11-03 13:00:00.000 +0100,3.0
542,2016-11-03 14:00:00.000 +0100,3.0
543,2016-11-03 15:00:00.000 +0100,3.0
544,2016-11-03 16:00:00.000 +0100,3.0
545,2016-11-03 17:00:00.000 +0100,3.0
546,2016-11-03 18:00:00.000 +0100,3.0
547,2016-11-03 19:00:00.000 +0100,3.0
548,2016-11-03 20:00:00.000 +0100,3.0
549,2016-11-03 21:00:00.000 +0100,3.0
550,2016-11-03 22:00:00.000 +0100,3.0
551,2016-11-03 23:00:00.000 +0100,3.0
552,2016-11-30 00:00:00.000 +0100,2.0
553,2016-11-30 01:00:00.000 +0100,2.0
554,2016-11-30 02:00:00.000 +0100,2.0
555,2016-11-30 03:00:00.000 +0100,3.0
556,2016-11-30 04:00:00.000 +0100,5.0
557,2016-11-30 05:00:00.000 +0100,3.0
558,2016-11-30 06:00:00.000 +0100,5.0
559,2016-11-30 07:00:00.000 +0100,5.0
560,2016-11-30 08:00:00.000 +0100,2.0
561,2016-11-30 09:00:00.000 +0100,2.0
562,2016-11-30 10:00:00.000 +0100,3.0
563,2016-11-30 11:00:00.000 +0100,3.0
564,2016-11-30 12:00:00.000 +0100,3.0
565,2016-11-30 13:00:00.000 +0100,3.0
566,2016-11-30 14:00:00.000 +0100,3.0
567,2016-11-30 15:00:00.000 +0100,3.0
568,2016-11-30 16:00:00.000 +0100,3.0
569,2016-11-30 17:00:00.000 +0100,3.0
570,2016-11-30 18:00:00.000 +0100,3.0
571,2016-11-30 19:00:00.000 +0100,2.0
572,2016-11-30 20:00:00.000 +0100,2.0
573,2016-11-30 21:00:00.000 +0100,2.0
574,2016-11-30 22:00:00.000 +0100,2.0
575,2016-11-30 23:00:00.000 +0100,2.0
576,2016-11-04 00:00:00.000 +0100,2.0
577,2016-11-04 01:00:00.000 +0100,2.0
578,2016-11-04 02:00:00.000 +0100,2.0
579,2016-11-04 03:00:00.000 +0100,3.0
580,2016-11-04 04:00:00.000 +0100,5.0
581,2016-11-04 05:00:00.000 +0100,3.0
582,2016-11-04 06:00:00.000 +0100,5.0
583,2016-11-04 07:00:00.000 +0100,5.0
584,2016-11-04 08:00:00.000 +0100,2.0
585,2016-11-04 09:00:00.000 +0100,3.0
586,2016-11-04 10:00:00.000 +0100,3.0
587,2016-11-04 11:00:00.000 +0100,3.0
588,2016-11-04 12:00:00.000 +0100,3.0
589,2016-11-04 13:00:00.000 +0100,3.0
590,2016-11-04 14:00:00.000 +0100,3.0
591,2016-11-04 15:00:00.000 +0100,3.0
592,2016-11-04 16:00:00.000 +0100,3.0
593,2016-11-04 17:00:00.000 +0100,3.0
594,2016-11-04 18:00:00.000 +0100,3.0
595,2016-11-04 19:00:00.000 +0100,2.0
596,2016-11-04 20:00:00.000 +0100,2.0
597,2016-11-04 21:00:00.000 +0100,2.0
598,2016-11-04 22:00:00.000 +0100,2.0
599,2016-11-04 23:00:00.000 +0100,2.0
600,2016-11-05 00:00:00.000 +0100,2.0
601,2016-11-05 01:00:00.000 +0100,2.0
602,2016-11-05 02:00:00.000 +0100,2.0
603,2016-11-05 03:00:00.000 +0100,3.0
604,2016-11-05 04:00:00.000 +0100,5.0
605,2016-11-05 05:00:00.000 +0100,3.0
606,2016-11-05 06:00:00.000 +0100,5.0
607,2016-11-05 07:00:00.000 +0100,5.0
608,2016-11-05 08:00:00.000 +0100,2.0
609,2016-11-05 09:00:00.000 +0100,3.0
610,2016-11-05 10:00:00.000 +0100,3.0
611,2016-11-05 11:00:00.000 +0100,3.0
612,2016-11-05 12:00:00.000 +0100,3.0
613,2016-11-05 13:00:00.000 +0100,3.0
614,2016-11-05 14:00:00.000 +0100,3.0
615,2016-11-05 15:00:00.000 +0100,3.0
616,2016-11-05 16:00:00.000 +0100,3.0
617,2016-11-05 17:00:00.000 +0100,3.0
618,2016-11-05 18:00:00.000 +0100,3.0
619,2016-11-05 19:00:00.000 +0100,3.0
620,2016-11-05 20:00:00.000 +0100,2.0
621,2016-11-05 21:00:00.000 +0100,2.0
622,2016-11-05 22:00:00.000 +0100,2.0
623,2016-11-05 23:00:00.000 +0100,2.0
624,2016-11-06 00:00:00.000 +0100,2.0
625,2016-11-06 01:00:00.000 +0100,2.0
626,2016-11-06 02:00:00.000 +0100,3.0
627,2016-11-06 03:00:00.000 +0100,3.0
628,2016-11-06 04:00:00.000 +0100,5.0
629,2016-11-06 05:00:00.000 +0100,3.0
630,2016-11-06 06:00:00.000 +0100,5.0
631,2016-11-06 07:00:00.000 +0100,5.0
632,2016-11-06 08:00:00.000 +0100,3.0
633,2016-11-06 09:00:00.000 +0100,3.0
634,2016-11-06 10:00:00.000 +0100,3.0
635,2016-11-06 11:00:00.000 +0100,3.0
636,2016-11-06 12:00:00.000 +0100,3.0
637,2016-11-06 13:00:00.000 +0100,3.0
638,2016-11-06 14:00:00.000 +0100,3.0
639,2016-11-06 15:00:00.000 +0100,3.0
640,2016-11-06 16:00:00.000 +0100,3.0
641,2016-11-06 17:00:00.000 +0100,3.0
642,2016-11-06 18:00:00.000 +0100,3.0
643,2016-11-06 19:00:00.000 +0100,3.0
644,2016-11-06 20:00:00.000 +0100,2.0
645,2016-11-06 21:00:00.000 +0100,2.0
646,2016-11-06 22:00:00.000 +0100,2.0
647,2016-11-06 23:00:00.000 +0100,2.0
648,2016-11-07 00:00:00.000 +0100,2.0
649,2016-11-07 01:00:00.000 +0100,3.0
650,2016-11-07 02:00:00.000 +0100,3.0
651,2016-11-07 03:00:00.000 +0100,3.0
652,2016-11-07 04:00:00.000 +0100,5.0
653,2016-11-07 05:00:00.000 +0100,3.0
654,2016-11-07 06:00:00.000 +0100,5.0
655,2016-11-07 07:00:00.000 +0100,5.0
656,2016-11-07 08:00:00.000 +0100,3.0
657,2016-11-07 09:00:00.000 +0100,3.0
658,2016-11-07 10:00:00.000 +0100,3.0
659,2016-11-07 11:00:00.000 +0100,3.0
660,2016-11-07 12:00:00.000 +0100,3.0
661,2016-11-07 13:00:00.000 +0100,3.0
662,2016-11-07 14:00:00.000 +0100,3.0
663,2016-11-07 15:00:00.000 +0100,3.0
664,2016-11-07 16:00:00.000 +0100,3.0
665,2016-11-07 17:00:00.000 +0100,3.0
666,2016-11-07 18:00:00.000 +0100,3.0
667,2016-11-07 19:00:00.000 +0100,3.0
668,2016-11-07 20:00:00.000 +0100,2.0
669,2016-11-07 21:00:00.000 +0100,2.0
670,2016-11-07 22:00:00.000 +0100,2.0
671,2016-11-07 23:00:00.000 +0100,2.0
672,2016-11-08 00:00:00.000 +0100,2.0
673,2016-11-08 01:00:00.000 +0100,3.0
674,2016-11-08 02:00:00.000 +0100,3.0
675,2016-11-08 03:00:00.000 +0100,3.0
676,2016-11-08 04:00:00.000 +0100,5.0
677,2016-11-08 05:00:00.000 +0100,3.0
678,2016-11-08 06:00:00.000 +0100,5.0
679,2016-11-08 07:00:00.000 +0100,5.0
680,2016-11-08 08:00:00.000 +0100,3.0
681,2016-11-08 09:00:00.000 +0100,3.0
682,2016-11-08 10:00:00.000 +0100,3.0
683,2016-11-08 11:00:00.000 +0100,3.0
684,2016-11-08 12:00:00.000 +0100,3.0
685,2016-11-08 13:00:00.000 +0100,3.0
686,2016-11-08 14:00:00.000 +0100,3.0
687,2016-11-08 15:00:00.000 +0100,3.0
688,2016-11-08 16:00:00.000 +0100,3.0
689,2016-11-08 17:00:00.000 +0100,3.0
690,2016-11-08 18:00:00.000 +0100,3.0
691,2016-11-08 19:00:00.000 +0100,3.0
692,2016-11-08 20:00:00.000 +0100,2.0
693,2016-11-08 21:00:00.000 +0100,2.0
694,2016-11-08 22:00:00.000 +0100,2.0
695,2016-11-08 23:00:00.000 +0100,2.0
696,2016-11-09 00:00:00.000 +0100,2.0
697,2016-11-09 01:00:00.000 +0100,2.0
698,2016-11-09 02:00:00.000 +0100,2.0
699,2016-11-09 03:00:00.000 +0100,3.0
700,2016-11-09 04:00:00.000 +0100,3.0
701,2016-11-09 05:00:00.000 +0100,3.0
702,2016-11-09 06:00:00.000 +0100,3.0
703,2016-11-09 07:00:00.000 +0100,3.0
704,2016-11-09 08:00:00.000 +0100,3.0
705,2016-11-09 09:00:00.000 +0100,3.0
706,2016-11-09 10:00:00.000 +0100,3.0
707,2016-11-09 11:00:00.000 +0100,2.0
708,2016-11-09 12:00:00.000 +0100,2.0
709,2016-11-09 13:00:00.000 +0100,2.0
710,2016-11-09 14:00:00.000 +0100,2.0
711,2016-11-09 15:00:00.000 +0100,2.0
712,2016-11-09 16:00:00.000 +0100,2.0
713,2016-11-09 17:00:00.000 +0100,2.0
714,2016-11-09 18:00:00.000 +0100,2.0
715,2016-11-09 19:00:00.000 +0100,2.0
716,2016-11-09 20:00:00.000 +0100,2.0
717,2016-11-09 21:00:00.000 +0100,3.0
718,2016-11-09 22:00:00.000 +0100,3.0
719,2016-11-09 23:00:00.000 +0100,2.0
720,2016-10-01 00:00:00.000 +0200,3.0
721,2016-10-01 01:00:00.000 +0200,3.0
722,2016-10-01 02:00:00.000 +0200,5.0
723,2016-10-01 03:00:00.000 +0200,5.0
724,2016-10-01 04:00:00.000 +0200,5.0
725,2016-10-01 05:00:00.000 +0200,5.0
726,2016-10-01 06:00:00.000 +0200,5.0
727,2016-10-01 07:00:00.000 +0200,5.0
728,2016-10-01 08:00:00.000 +0200,5.0
729,2016-10-01 09:00:00.000 +0200,5.0
730,2016-10-01 10:00:00.000 +0200,3.0
731,2016-10-01 11:00:00.000 +0200,3.0
732,2016-10-01 12:00:00.000 +0200,3.0
733,2016-10-01 13:00:00.000 +0200,3.0
734,2016-10-01 14:00:00.000 +0200,3.0
735,2016-10-01 15:00:00.000 +0200,3.0
736,2016-10-01 16:00:00.000 +0200,3.0
737,2016-10-01 17:00:00.000 +0200,3.0
738,2016-10-01 18:00:00.000 +0200,3.0
739,2016-10-01 19:00:00.000 +0200,3.0
740,2016-10-01 20:00:00.000 +0200,3.0
741,2016-10-01 21:00:00.000 +0200,3.0
742,2016-10-01 22:00:00.000 +0200,3.0
743,2016-10-01 23:00:00.000 +0200,3.0
744,2016-10-10 00:00:00.000 +0200,3.0
745,2016-10-10 01:00:00.000 +0200,3.0
746,2016-10-10 02:00:00.000 +0200,3.0
747,2016-10-10 03:00:00.000 +0200,3.0
748,2016-10-10 04:00:00.000 +0200,3.0
749,2016-10-10 05:00:00.000 +0200,3.0
750,2016-10-10 06:00:00.000 +0200,5.0
751,2016-10-10 07:00:00.000 +0200,5.0
752,2016-10-10 08:00:00.000 +0200,5.0
753,2016-10-10 09:00:00.000 +0200,5.0
754,2016-10-10 10:00:00.000 +0200,5.0
755,2016-10-10 11:00:00.000 +0200,5.0
756,2016-10-10 12:00:00.000 +0200,5.0
757,2016-10-10 13:00:00.000 +0200,5.0
758,2016-10-10 14:00:00.000 +0200,5.0
759,2016-10-10 15:00:00.000 +0200,5.0
760,2016-10-10 16:00:00.000 +0200,5.0
761,2016-10-10 17:00:00.000 +0200,5.0
762,2016-10-10 18:00:00.000 +0200,5.0
763,2016-10-10 19:00:00.000 +0200,5.0
764,2016-10-10 20:00:00.000 +0200,5.0
765,2016-10-10 21:00:00.000 +0200,5.0
766,2016-10-10 22:00:00.000 +0200,5.0
767,2016-10-10 23:00:00.000 +0200,5.0
768,2016-10-11 00:00:00.000 +0200,5.0
769,2016-10-11 01:00:00.000 +0200,5.0
770,2016-10-11 02:00:00.000 +0200,5.0
771,2016-10-11 03:00:00.000 +0200,5.0
772,2016-10-11 04:00:00.000 +0200,5.0
773,2016-10-11 05:00:00.000 +0200,5.0
774,2016-10-11 06:00:00.000 +0200,5.0
775,2016-10-11 07:00:00.000 +0200,5.0
776,2016-10-11 08:00:00.000 +0200,5.0
777,2016-10-11 09:00:00.000 +0200,5.0
778,2016-10-11 10:00:00.000 +0200,5.0
779,2016-10-11 11:00:00.000 +0200,5.0
780,2016-10-11 12:00:00.000 +0200,5.0
781,2016-10-11 13:00:00.000 +0200,5.0
782,2016-10-11 14:00:00.000 +0200,5.0
783,2016-10-11 15:00:00.000 +0200,5.0
784,2016-10-11 16:00:00.000 +0200,5.0
785,2016-10-11 17:00:00.000 +0200,5.0
786,2016-10-11 18:00:00.000 +0200,5.0
787,2016-10-11 19:00:00.000 +0200,5.0
788,2016-10-11 20:00:00.000 +0200,3.0
789,2016-10-11 21:00:00.000 +0200,3.0
790,2016-10-11 22:00:00.000 +0200,3.0
791,2016-10-11 23:00:00.000 +0200,3.0
792,2016-10-12 00:00:00.000 +0200,3.0
793,2016-10-12 01:00:00.000 +0200,3.0
794,2016-10-12 02:00:00.000 +0200,3.0
795,2016-10-12 03:00:00.000 +0200,2.0
796,2016-10-12 04:00:00.000 +0200,2.0
797,2016-10-12 05:00:00.000 +0200,2.0
798,2016-10-12 06:00:00.000 +0200,2.0
799,2016-10-12 07:00:00.000 +0200,2.0
800,2016-10-12 08:00:00.000 +0200,2.0
801,2016-10-12 09:00:00.000 +0200,2.0
802,2016-10-12 10:00:00.000 +0200,2.0
803,2016-10-12 11:00:00.000 +0200,2.0
804,2016-10-12 12:00:00.000 +0200,2.0
805,2016-10-12 13:00:00.000 +0200,2.0
806,2016-10-12 14:00:00.000 +0200,2.0
807,2016-10-12 15:00:00.000 +0200,3.0
808,2016-10-12 16:00:00.000 +0200,3.0
809,2016-10-12 17:00:00.000 +0200,3.0
810,2016-10-12 18:00:00.000 +0200,3.0
811,2016-10-12 19:00:00.000 +0200,3.0
812,2016-10-12 20:00:00.000 +0200,3.0
813,2016-10-12 21:00:00.000 +0200,5.0
814,2016-10-12 22:00:00.000 +0200,5.0
815,2016-10-12 23:00:00.000 +0200,5.0
816,2016-10-13 00:00:00.000 +0200,5.0
817,2016-10-13 01:00:00.000 +0200,5.0
818,2016-10-13 02:00:00.000 +0200,5.0
819,2016-10-13 03:00:00.000 +0200,5.0
820,2016-10-13 04:00:00.000 +0200,5.0
821,2016-10-13 05:00:00.000 +0200,5.0
822,2016-10-13 06:00:00.000 +0200,5.0
823,2016-10-13 07:00:00.000 +0200,5.0
824,2016-10-13 08:00:00.000 +0200,5.0
825,2016-10-13 09:00:00.000 +0200,5.0
826,2016-10-13 10:00:00.000 +0200,5.0
827,2016-10-13 11:00:00.000 +0200,3.0
828,2016-10-13 12:00:00.000 +0200,3.0
829,2016-10-13 13:00:00.000 +0200,3.0
830,2016-10-13 14:00:00.000 +0200,3.0
831,2016-10-13 15:00:00.000 +0200,3.0
832,2016-10-13 16:00:00.000 +0200,3.0
833,2016-10-13 17:00:00.000 +0200,3.0
834,2016-10-13 18:00:00.000 +0200,3.0
835,2016-10-13 19:00:00.000 +0200,3.0
836,2016-10-13 20:00:00.000 +0200,3.0
837,2016-10-13 21:00:00.000 +0200,3.0
838,2016-10-13 22:00:00.000 +0200,3.0
839,2016-10-13 23:00:00.000 +0200,3.0
840,2016-10-14 00:00:00.000 +0200,3.0
841,2016-10-14 01:00:00.000 +0200,3.0
842,2016-10-14 02:00:00.000 +0200,3.0
843,2016-10-14 03:00:00.000 +0200,3.0
844,2016-10-14 04:00:00.000 +0200,3.0
845,2016-10-14 05:00:00.000 +0200,3.0
846,2016-10-14 06:00:00.000 +0200,3.0
847,2016-10-14 07:00:00.000 +0200,3.0
848,2016-10-14 08:00:00.000 +0200,3.0
849,2016-10-14 09:00:00.000 +0200,3.0
850,2016-10-14 10:00:00.000 +0200,3.0
851,2016-10-14 11:00:00.000 +0200,3.0
852,2016-10-14 12:00:00.000 +0200,3.0
853,2016-10-14 13:00:00.000 +0200,3.0
854,2016-10-14 14:00:00.000 +0200,3.0
855,2016-10-14 15:00:00.000 +0200,3.0
856,2016-10-14 16:00:00.000 +0200,3.0
857,2016-10-14 17:00:00.000 +0200,3.0
858,2016-10-14 18:00:00.000 +0200,3.0
859,2016-10-14 19:00:00.000 +0200,3.0
860,2016-10-14 20:00:00.000 +0200,3.0
861,2016-10-14 21:00:00.000 +0200,3.0
862,2016-10-14 22:00:00.000 +0200,3.0
863,2016-10-14 23:00:00.000 +0200,3.0
864,2016-10-15 00:00:00.000 +0200,3.0
865,2016-10-15 01:00:00.000 +0200,3.0
866,2016-10-15 02:00:00.000 +0200,3.0
867,2016-10-15 03:00:00.000 +0200,5.0
868,2016-10-15 04:00:00.000 +0200,5.0
869,2016-10-15 05:00:00.000 +0200,5.0
870,2016-10-15 06:00:00.000 +0200,5.0
871,2016-10-15 07:00:00.000 +0200,5.0
872,2016-10-15 08:00:00.000 +0200,5.0
873,2016-10-15 09:00:00.000 +0200,5.0
874,2016-10-15 10:00:00.000 +0200,5.0
875,2016-10-15 11:00:00.000 +0200,5.0
876,2016-10-15 12:00:00.000 +0200,5.0
877,2016-10-15 13:00:00.000 +0200,5.0
878,2016-10-15 14:00:00.000 +0200,3.0
879,2016-10-15 15:00:00.000 +0200,3.0
880,2016-10-15 16:00:00.000 +0200,3.0
881,2016-10-15 17:00:00.000 +0200,5.0
882,2016-10-15 18:00:00.000 +0200,3.0
883,2016-10-15 19:00:00.000 +0200,3.0
884,2016-10-15 20:00:00.000 +0200,5.0
885,2016-10-15 21:00:00.000 +0200,5.0
886,2016-10-15 22:00:00.000 +0200,5.0
887,2016-10-15 23:00:00.000 +0200,5.0
888,2016-10-16 00:00:00.000 +0200,5.0
889,2016-10-16 01:00:00.000 +0200,5.0
890,2016-10-16 02:00:00.000 +0200,5.0
891,2016-10-16 03:00:00.000 +0200,3.0
892,2016-10-16 04:00:00.000 +0200,5.0
893,2016-10-16 05:00:00.000 +0200,5.0
894,2016-10-16 06:00:00.000 +0200,3.0
895,2016-10-16 07:00:00.000 +0200,3.0
896,2016-10-16 08:00:00.000 +0200,3.0
897,2016-10-16 09:00:00.000 +0200,3.0
898,2016-10-16 10:00:00.000 +0200,3.0
899,2016-10-16 11:00:00.000 +0200,3.0
900,2016-10-16 12:00:00.000 +0200,3.0
901,2016-10-16 13:00:00.000 +0200,3.0
902,2016-10-16 14:00:00.000 +0200,3.0
903,2016-10-16 15:00:00.000 +0200,3.0
904,2016-10-16 16:00:00.000 +0200,3.0
905,2016-10-16 17:00:00.000 +0200,3.0
906,2016-10-16 18:00:00.000 +0200,3.0
907,2016-10-16 19:00:00.000 +0200,3.0
908,2016-10-16 20:00:00.000 +0200,3.0
909,2016-10-16 21:00:00.000 +0200,3.0
910,2016-10-16 22:00:00.000 +0200,3.0
911,2016-10-16 23:00:00.000 +0200,3.0
912,2016-10-17 00:00:00.000 +0200,3.0
913,2016-10-17 01:00:00.000 +0200,3.0
914,2016-10-17 02:00:00.000 +0200,3.0
915,2016-10-17 03:00:00.000 +0200,3.0
916,2016-10-17 04:00:00.000 +0200,3.0
917,2016-10-17 05:00:00.000 +0200,3.0
918,2016-10-17 06:00:00.000 +0200,3.0
919,2016-10-17 07:00:00.000 +0200,3.0
920,2016-10-17 08:00:00.000 +0200,3.0
921,2016-10-17 09:00:00.000 +0200,3.0
922,2016-10-17 10:00:00.000 +0200,3.0
923,2016-10-17 11:00:00.000 +0200,3.0
924,2016-10-17 12:00:00.000 +0200,3.0
925,2016-10-17 13:00:00.000 +0200,3.0
926,2016-10-17 14:00:00.000 +0200,3.0
927,2016-10-17 15:00:00.000 +0200,3.0
928,2016-10-17 16:00:00.000 +0200,3.0
929,2016-10-17 17:00:00.000 +0200,3.0
930,2016-10-17 18:00:00.000 +0200,3.0
931,2016-10-17 19:00:00.000 +0200,3.0
932,2016-10-17 20:00:00.000 +0200,3.0
933,2016-10-17 21:00:00.000 +0200,3.0
934,2016-10-17 22:00:00.000 +0200,3.0
935,2016-10-17 23:00:00.000 +0200,3.0
936,2016-10-18 00:00:00.000 +0200,3.0
937,2016-10-18 01:00:00.000 +0200,3.0
938,2016-10-18 02:00:00.000 +0200,3.0
939,2016-10-18 03:00:00.000 +0200,3.0
940,2016-10-18 04:00:00.000 +0200,3.0
941,2016-10-18 05:00:00.000 +0200,3.0
942,2016-10-18 06:00:00.000 +0200,3.0
943,2016-10-18 07:00:00.000 +0200,3.0
944,2016-10-18 08:00:00.000 +0200,3.0
945,2016-10-18 09:00:00.000 +0200,3.0
946,2016-10-18 10:00:00.000 +0200,3.0
947,2016-10-18 11:00:00.000 +0200,3.0
948,2016-10-18 12:00:00.000 +0200,3.0
949,2016-10-18 13:00:00.000 +0200,3.0
950,2016-10-18 14:00:00.000 +0200,3.0
951,2016-10-18 15:00:00.000 +0200,3.0
952,2016-10-18 16:00:00.000 +0200,3.0
953,2016-10-18 17:00:00.000 +0200,3.0
954,2016-10-18 18:00:00.000 +0200,3.0
955,2016-10-18 19:00:00.000 +0200,3.0
956,2016-10-18 20:00:00.000 +0200,3.0
957,2016-10-18 21:00:00.000 +0200,3.0
958,2016-10-18 22:00:00.000 +0200,3.0
959,2016-10-18 23:00:00.000 +0200,3.0
960,2016-10-19 00:00:00.000 +0200,2.0
961,2016-10-19 01:00:00.000 +0200,2.0
962,2016-10-19 02:00:00.000 +0200,2.0
963,2016-10-19 03:00:00.000 +0200,2.0
964,2016-10-19 04:00:00.000 +0200,2.0
965,2016-10-19 05:00:00.000 +0200,2.0
966,2016-10-19 06:00:00.000 +0200,2.0
967,2016-10-19 07:00:00.000 +0200,5.0
968,2016-10-19 08:00:00.000 +0200,2.0
969,2016-10-19 09:00:00.000 +0200,2.0
970,2016-10-19 10:00:00.000 +0200,3.0
971,2016-10-19 11:00:00.000 +0200,2.0
972,2016-10-19 12:00:00.000 +0200,2.0
973,2016-10-19 13:00:00.000 +0200,2.0
974,2016-10-19 14:00:00.000 +0200,2.0
975,2016-10-19 15:00:00.000 +0200,2.0
976,2016-10-19 16:00:00.000 +0200,2.0
977,2016-10-19 17:00:00.000 +0200,2.0
978,2016-10-19 18:00:00.000 +0200,2.0
979,2016-10-19 19:00:00.000 +0200,2.0
980,2016-10-19 20:00:00.000 +0200,3.0
981,2016-10-19 21:00:00.000 +0200,3.0
982,2016-10-19 22:00:00.000 +0200,3.0
983,2016-10-19 23:00:00.000 +0200,3.0
984,2016-10-02 00:00:00.000 +0200,3.0
985,2016-10-02 01:00:00.000 +0200,3.0
986,2016-10-02 02:00:00.000 +0200,3.0
987,2016-10-02 03:00:00.000 +0200,3.0
988,2016-10-02 04:00:00.000 +0200,3.0
989,2016-10-02 05:00:00.000 +0200,3.0
990,2016-10-02 06:00:00.000 +0200,3.0
991,2016-10-02 07:00:00.000 +0200,3.0
992,2016-10-02 08:00:00.000 +0200,3.0
993,2016-10-02 09:00:00.000 +0200,2.0
994,2016-10-02 10:00:00.000 +0200,2.0
995,2016-10-02 11:00:00.000 +0200,2.0
996,2016-10-02 12:00:00.000 +0200,2.0
997,2016-10-02 13:00:00.000 +0200,2.0
998,2016-10-02 14:00:00.000 +0200,3.0
999,2016-10-02 15:00:00.000 +0200,3.0
1000,2016-10-02 16:00:00.000 +0200,3.0
1001,2016-10-02 17:00:00.000 +0200,3.0
1002,2016-10-02 18:00:00.000 +0200,3.0
1003,2016-10-02 19:00:00.000 +0200,3.0
1004,2016-10-02 20:00:00.000 +0200,3.0
1005,2016-10-02 21:00:00.000 +0200,3.0
1006,2016-10-02 22:00:00.000 +0200,3.0
1007,2016-10-02 23:00:00.000 +0200,3.0
1008,2016-10-20 00:00:00.000 +0200,3.0
1009,2016-10-20 01:00:00.000 +0200,3.0
1010,2016-10-20 02:00:00.000 +0200,3.0
1011,2016-10-20 03:00:00.000 +0200,3.0
1012,2016-10-20 04:00:00.000 +0200,3.0
1013,2016-10-20 05:00:00.000 +0200,3.0
1014,2016-10-20 06:00:00.000 +0200,3.0
1015,2016-10-20 07:00:00.000 +0200,3.0
1016,2016-10-20 08:00:00.000 +0200,3.0
1017,2016-10-20 09:00:00.000 +0200,3.0
1018,2016-10-20 10:00:00.000 +0200,3.0
1019,2016-10-20 11:00:00.000 +0200,3.0
1020,2016-10-20 12:00:00.000 +0200,3.0
1021,2016-10-20 13:00:00.000 +0200,3.0
1022,2016-10-20 14:00:00.000 +0200,3.0
1023,2016-10-20 15:00:00.000 +0200,3.0
1024,2016-10-20 16:00:00.000 +0200,3.0
1025,2016-10-20 17:00:00.000 +0200,3.0
1026,2016-10-20 18:00:00.000 +0200,5.0
1027,2016-10-20 19:00:00.000 +0200,3.0
1028,2016-10-20 20:00:00.000 +0200,5.0
1029,2016-10-20 21:00:00.000 +0200,5.0
1030,2016-10-20 22:00:00.000 +0200,5.0
1031,2016-10-20 23:00:00.000 +0200,5.0
1032,2016-10-21 00:00:00.000 +0200,5.0
1033,2016-10-21 01:00:00.000 +0200,5.0
1034,2016-10-21 02:00:00.000 +0200,5.0
1035,2016-10-21 03:00:00.000 +0200,5.0
1036,2016-10-21 04:00:00.000 +0200,5.0
1037,2016-10-21 05:00:00.000 +0200,5.0
1038,2016-10-21 06:00:00.000 +0200,3.0
1039,2016-10-21 07:00:00.000 +0200,5.0
1040,2016-10-21 08:00:00.000 +0200,5.0
1041,2016-10-21 09:00:00.000 +0200,3.0
1042,2016-10-21 10:00:00.000 +0200,2.0
1043,2016-10-21 11:00:00.000 +0200,2.0
1044,2016-10-21 12:00:00.000 +0200,2.0
1045,2016-10-21 13:00:00.000 +0200,2.0
1046,2016-10-21 14:00:00.000 +0200,2.0
1047,2016-10-21 15:00:00.000 +0200,2.0
1048,2016-10-21 16:00:00.000 +0200,2.0
1049,2016-10-21 17:00:00.000 +0200,2.0
1050,2016-10-21 18:00:00.000 +0200,2.0
1051,2016-10-21 19:00:00.000 +0200,2.0
1052,2016-10-21 20:00:00.000 +0200,2.0
1053,2016-10-21 21:00:00.000 +0200,2.0
1054,2016-10-21 22:00:00.000 +0200,2.0
1055,2016-10-21 23:00:00.000 +0200,2.0
1056,2016-10-22 00:00:00.000 +0200,2.0
1057,2016-10-22 01:00:00.000 +0200,2.0
1058,2016-10-22 02:00:00.000 +0200,5.0
1059,2016-10-22 03:00:00.000 +0200,5.0
1060,2016-10-22 04:00:00.000 +0200,5.0
1061,2016-10-22 05:00:00.000 +0200,5.0
1062,2016-10-22 06:00:00.000 +0200,5.0
1063,2016-10-22 07:00:00.000 +0200,5.0
1064,2016-10-22 08:00:00.000 +0200,5.0
1065,2016-10-22 09:00:00.000 +0200,5.0
1066,2016-10-22 10:00:00.000 +0200,5.0
1067,2016-10-22 11:00:00.000 +0200,5.0
1068,2016-10-22 12:00:00.000 +0200,3.0
1069,2016-10-22 13:00:00.000 +0200,3.0
1070,2016-10-22 14:00:00.000 +0200,3.0
1071,2016-10-22 15:00:00.000 +0200,2.0
1072,2016-10-22 16:00:00.000 +0200,2.0
1073,2016-10-22 17:00:00.000 +0200,2.0
1074,2016-10-22 18:00:00.000 +0200,2.0
1075,2016-10-22 19:00:00.000 +0200,2.0
1076,2016-10-22 20:00:00.000 +0200,2.0
1077,2016-10-22 21:00:00.000 +0200,2.0
1078,2016-10-22 22:00:00.000 +0200,5.0
1079,2016-10-22 23:00:00.000 +0200,5.0
1080,2016-10-23 00:00:00.000 +0200,5.0
1081,2016-10-23 01:00:00.000 +0200,5.0
1082,2016-10-23 02:00:00.000 +0200,5.0
1083,2016-10-23 03:00:00.000 +0200,5.0
1084,2016-10-23 04:00:00.000 +0200,5.0
1085,2016-10-23 05:00:00.000 +0200,5.0
1086,2016-10-23 06:00:00.000 +0200,5.0
1087,2016-10-23 07:00:00.000 +0200,5.0
1088,2016-10-23 08:00:00.000 +0200,5.0
1089,2016-10-23 09:00:00.000 +0200,3.0
1090,2016-10-23 10:00:00.000 +0200,3.0
1091,2016-10-23 11:00:00.000 +0200,3.0
1092,2016-10-23 12:00:00.000 +0200,3.0
1093,2016-10-23 13:00:00.000 +0200,2.0
1094,2016-10-23 14:00:00.000 +0200,2.0
1095,2016-10-23 15:00:00.000 +0200,2.0
1096,2016-10-23 16:00:00.000 +0200,2.0
1097,2016-10-23 17:00:00.000 +0200,2.0
1098,2016-10-23 18:00:00.000 +0200,2.0
1099,2016-10-23 19:00:00.000 +0200,2.0
1100,2016-10-23 20:00:00.000 +0200,3.0
1101,2016-10-23 21:00:00.000 +0200,3.0
1102,2016-10-23 22:00:00.000 +0200,3.0
1103,2016-10-23 23:00:00.000 +0200,3.0
1104,2016-10-24 00:00:00.000 +0200,3.0
1105,2016-10-24 01:00:00.000 +0200,3.0
1106,2016-10-24 02:00:00.000 +0200,2.0
1107,2016-10-24 03:00:00.000 +0200,3.0
1108,2016-10-24 04:00:00.000 +0200,3.0
1109,2016-10-24 05:00:00.000 +0200,3.0
1110,2016-10-24 06:00:00.000 +0200,3.0
1111,2016-10-24 07:00:00.000 +0200,3.0
1112,2016-10-24 08:00:00.000 +0200,3.0
1113,2016-10-24 09:00:00.000 +0200,3.0
1114,2016-10-24 10:00:00.000 +0200,3.0
1115,2016-10-24 11:00:00.000 +0200,3.0
1116,2016-10-24 12:00:00.000 +0200,3.0
1117,2016-10-24 13:00:00.000 +0200,3.0
1118,2016-10-24 14:00:00.000 +0200,3.0
1119,2016-10-24 15:00:00.000 +0200,3.0
1120,2016-10-24 16:00:00.000 +0200,3.0
1121,2016-10-24 17:00:00.000 +0200,3.0
1122,2016-10-24 18:00:00.000 +0200,3.0
1123,2016-10-24 19:00:00.000 +0200,3.0
1124,2016-10-24 20:00:00.000 +0200,3.0
1125,2016-10-24 21:00:00.000 +0200,3.0
1126,2016-10-24 22:00:00.000 +0200,3.0
1127,2016-10-24 23:00:00.000 +0200,3.0
1128,2016-10-25 00:00:00.000 +0200,5.0
1129,2016-10-25 01:00:00.000 +0200,5.0
1130,2016-10-25 02:00:00.000 +0200,5.0
1131,2016-10-25 03:00:00.000 +0200,5.0
1132,2016-10-25 04:00:00.000 +0200,5.0
1133,2016-10-25 05:00:00.000 +0200,5.0
1134,2016-10-25 06:00:00.000 +0200,5.0
1135,2016-10-25 07:00:00.000 +0200,5.0
1136,2016-10-25 08:00:00.000 +0200,5.0
1137,2016-10-25 09:00:00.000 +0200,5.0
1138,2016-10-25 10:00:00.000 +0200,5.0
1139,2016-10-25 11:00:00.000 +0200,5.0
1140,2016-10-25 12:00:00.000 +0200,5.0
1141,2016-10-25 13:00:00.000 +0200,5.0
1142,2016-10-25 14:00:00.000 +0200,5.0
1143,2016-10-25 15:00:00.000 +0200,5.0
1144,2016-10-25 16:00:00.000 +0200,5.0
1145,2016-10-25 17:00:00.000 +0200,5.0
1146,2016-10-25 18:00:00.000 +0200,5.0
1147,2016-10-25 19:00:00.000 +0200,5.0
1148,2016-10-25 20:00:00.000 +0200,5.0
1149,2016-10-25 21:00:00.000 +0200,5.0
1150,2016-10-25 22:00:00.000 +0200,5.0
1151,2016-10-25 23:00:00.000 +0200,5.0
1152,2016-10-26 00:00:00.000 +0200,5.0
1153,2016-10-26 01:00:00.000 +0200,5.0
1154,2016-10-26 02:00:00.000 +0200,5.0
1155,2016-10-26 03:00:00.000 +0200,5.0
1156,2016-10-26 04:00:00.000 +0200,5.0
1157,2016-10-26 05:00:00.000 +0200,5.0
1158,2016-10-26 06:00:00.000 +0200,5.0
1159,2016-10-26 07:00:00.000 +0200,5.0
1160,2016-10-26 08:00:00.000 +0200,5.0
1161,2016-10-26 09:00:00.000 +0200,5.0
1162,2016-10-26 10:00:00.000 +0200,5.0
1163,2016-10-26 11:00:00.000 +0200,5.0
1164,2016-10-26 12:00:00.000 +0200,5.0
1165,2016-10-26 13:00:00.000 +0200,5.0
1166,2016-10-26 14:00:00.000 +0200,5.0
1167,2016-10-26 15:00:00.000 +0200,5.0
1168,2016-10-26 16:00:00.000 +0200,2.0
1169,2016-10-26 17:00:00.000 +0200,2.0
1170,2016-10-26 18:00:00.000 +0200,2.0
1171,2016-10-26 19:00:00.000 +0200,5.0
1172,2016-10-26 20:00:00.000 +0200,5.0
1173,2016-10-26 21:00:00.000 +0200,5.0
1174,2016-10-26 22:00:00.000 +0200,5.0
1175,2016-10-26 23:00:00.000 +0200,5.0
1176,2016-10-27 00:00:00.000 +0200,5.0
1177,2016-10-27 01:00:00.000 +0200,5.0
1178,2016-10-27 02:00:00.000 +0200,5.0
1179,2016-10-27 03:00:00.000 +0200,5.0
1180,2016-10-27 04:00:00.000 +0200,5.0
1181,2016-10-27 05:00:00.000 +0200,5.0
1182,2016-10-27 06:00:00.000 +0200,5.0
1183,2016-10-27 07:00:00.000 +0200,5.0
1184,2016-10-27 08:00:00.000 +0200,5.0
1185,2016-10-27 09:00:00.000 +0200,5.0
1186,2016-10-27 10:00:00.000 +0200,5.0
1187,2016-10-27 11:00:00.000 +0200,5.0
1188,2016-10-27 12:00:00.000 +0200,2.0
1189,2016-10-27 13:00:00.000 +0200,2.0
1190,2016-10-27 14:00:00.000 +0200,2.0
1191,2016-10-27 15:00:00.000 +0200,2.0
1192,2016-10-27 16:00:00.000 +0200,2.0
1193,2016-10-27 17:00:00.000 +0200,2.0
1194,2016-10-27 18:00:00.000 +0200,2.0
1195,2016-10-27 19:00:00.000 +0200,2.0
1196,2016-10-27 20:00:00.000 +0200,5.0
1197,2016-10-27 21:00:00.000 +0200,5.0
1198,2016-10-27 22:00:00.000 +0200,5.0
1199,2016-10-27 23:00:00.000 +0200,5.0
1200,2016-10-28 00:00:00.000 +0200,5.0
1201,2016-10-28 01:00:00.000 +0200,5.0
1202,2016-10-28 02:00:00.000 +0200,5.0
1203,2016-10-28 03:00:00.000 +0200,5.0
1204,2016-10-28 04:00:00.000 +0200,5.0
1205,2016-10-28 05:00:00.000 +0200,5.0
1206,2016-10-28 06:00:00.000 +0200,5.0
1207,2016-10-28 07:00:00.000 +0200,5.0
1208,2016-10-28 08:00:00.000 +0200,5.0
1209,2016-10-28 09:00:00.000 +0200,5.0
1210,2016-10-28 10:00:00.000 +0200,5.0
1211,2016-10-28 11:00:00.000 +0200,5.0
1212,2016-10-28 12:00:00.000 +0200,5.0
1213,2016-10-28 13:00:00.000 +0200,5.0
1214,2016-10-28 14:00:00.000 +0200,5.0
1215,2016-10-28 15:00:00.000 +0200,5.0
1216,2016-10-28 16:00:00.000 +0200,5.0
1217,2016-10-28 17:00:00.000 +0200,5.0
1218,2016-10-28 18:00:00.000 +0200,5.0
1219,2016-10-28 19:00:00.000 +0200,5.0
1220,2016-10-28 20:00:00.000 +0200,5.0
1221,2016-10-28 21:00:00.000 +0200,5.0
1222,2016-10-28 22:00:00.000 +0200,2.0
1223,2016-10-28 23:00:00.000 +0200,2.0
1224,2016-10-29 00:00:00.000 +0200,3.0
1225,2016-10-29 01:00:00.000 +0200,3.0
1226,2016-10-29 02:00:00.000 +0200,5.0
1227,2016-10-29 03:00:00.000 +0200,5.0
1228,2016-10-29 04:00:00.000 +0200,5.0
1229,2016-10-29 05:00:00.000 +0200,5.0
1230,2016-10-29 06:00:00.000 +0200,5.0
1231,2016-10-29 07:00:00.000 +0200,5.0
1232,2016-10-29 08:00:00.000 +0200,5.0
1233,2016-10-29 09:00:00.000 +0200,3.0
1234,2016-10-29 10:00:00.000 +0200,3.0
1235,2016-10-29 11:00:00.000 +0200,3.0
1236,2016-10-29 12:00:00.000 +0200,3.0
1237,2016-10-29 13:00:00.000 +0200,2.0
1238,2016-10-29 14:00:00.000 +0200,3.0
1239,2016-10-29 15:00:00.000 +0200,3.0
1240,2016-10-29 16:00:00.000 +0200,3.0
1241,2016-10-29 17:00:00.000 +0200,3.0
1242,2016-10-29 18:00:00.000 +0200,3.0
1243,2016-10-29 19:00:00.000 +0200,3.0
1244,2016-10-29 20:00:00.000 +0200,3.0
1245,2016-10-29 21:00:00.000 +0200,3.0
1246,2016-10-29 22:00:00.000 +0200,3.0
1247,2016-10-29 23:00:00.000 +0200,2.0
1248,2016-10-03 00:00:00.000 +0200,5.0
1249,2016-10-03 01:00:00.000 +0200,5.0
1250,2016-10-03 02:00:00.000 +0200,5.0
1251,2016-10-03 03:00:00.000 +0200,5.0
1252,2016-10-03 04:00:00.000 +0200,5.0
1253,2016-10-03 05:00:00.000 +0200,5.0
1254,2016-10-03 06:00:00.000 +0200,5.0
1255,2016-10-03 07:00:00.000 +0200,5.0
1256,2016-10-03 08:00:00.000 +0200,5.0
1257,2016-10-03 09:00:00.000 +0200,5.0
1258,2016-10-03 10:00:00.000 +0200,2.0
1259,2016-10-03 11:00:00.000 +0200,2.0
1260,2016-10-03 12:00:00.000 +0200,2.0
1261,2016-10-03 13:00:00.000 +0200,2.0
1262,2016-10-03 14:00:00.000 +0200,2.0
1263,2016-10-03 15:00:00.000 +0200,2.0
1264,2016-10-03 16:00:00.000 +0200,2.0
1265,2016-10-03 17:00:00.000 +0200,2.0
1266,2016-10-03 18:00:00.000 +0200,2.0
1267,2016-10-03 19:00:00.000 +0200,2.0
1268,2016-10-03 20:00:00.000 +0200,5.0
1269,2016-10-03 21:00:00.000 +0200,5.0
1270,2016-10-03 22:00:00.000 +0200,5.0
1271,2016-10-03 23:00:00.000 +0200,5.0
1272,2016-10-30 00:00:00.000 +0200,5.0
1273,2016-10-30 01:00:00.000 +0200,5.0
1274,2016-10-30 02:00:00.000 +0200,5.0
1275,2016-10-30 02:00:00.000 +0100,5.0
1276,2016-10-30 03:00:00.000 +0100,5.0
1277,2016-10-30 04:00:00.000 +0100,5.0
1278,2016-10-30 05:00:00.000 +0100,5.0
1279,2016-10-30 06:00:00.000 +0100,5.0
1280,2016-10-30 07:00:00.000 +0100,5.0
1281,2016-10-30 08:00:00.000 +0100,5.0
1282,2016-10-30 09:00:00.000 +0100,5.0
1283,2016-10-30 10:00:00.000 +0100,5.0
1284,2016-10-30 11:00:00.000 +0100,2.0
1285,2016-10-30 12:00:00.000 +0100,2.0
1286,2016-10-30 13:00:00.000 +0100,2.0
1287,2016-10-30 14:00:00.000 +0100,5.0
1288,2016-10-30 15:00:00.000 +0100,5.0
1289,2016-10-30 16:00:00.000 +0100,5.0
1290,2016-10-30 17:00:00.000 +0100,5.0
1291,2016-10-30 18:00:00.000 +0100,5.0
1292,2016-10-30 19:00:00.000 +0100,5.0
1293,2016-10-30 20:00:00.000 +0100,5.0
1294,2016-10-30 21:00:00.000 +0100,5.0
1295,2016-10-30 22:00:00.000 +0100,5.0
1296,2016-10-30 23:00:00.000 +0100,5.0
1297,2016-10-31 00:00:00.000 +0100,3.0
1298,2016-10-31 01:00:00.000 +0100,3.0
1299,2016-10-31 02:00:00.000 +0100,2.0
1300,2016-10-31 03:00:00.000 +0100,2.0
1301,2016-10-31 04:00:00.000 +0100,2.0
1302,2016-10-31 05:00:00.000 +0100,3.0
1303,2016-10-31 06:00:00.000 +0100,3.0
1304,2016-10-31 07:00:00.000 +0100,3.0
1305,2016-10-31 08:00:00.000 +0100,3.0
1306,2016-10-31 09:00:00.000 +0100,3.0
1307,2016-10-31 10:00:00.000 +0100,3.0
1308,2016-10-31 11:00:00.000 +0100,3.0
1309,2016-10-31 12:00:00.000 +0100,3.0
1310,2016-10-31 13:00:00.000 +0100,3.0
1311,2016-10-31 14:00:00.000 +0100,3.0
1312,2016-10-31 15:00:00.000 +0100,3.0
1313,2016-10-31 16:00:00.000 +0100,3.0
1314,2016-10-31 17:00:00.000 +0100,3.0
1315,2016-10-31 18:00:00.000 +0100,3.0
1316,2016-10-31 19:00:00.000 +0100,3.0
1317,2016-10-31 20:00:00.000 +0100,3.0
1318,2016-10-31 21:00:00.000 +0100,3.0
1319,2016-10-31 22:00:00.000 +0100,3.0
1320,2016-10-31 23:00:00.000 +0100,3.0
1321,2016-10-04 00:00:00.000 +0200,3.0
1322,2016-10-04 01:00:00.000 +0200,3.0
1323,2016-10-04 02:00:00.000 +0200,3.0
1324,2016-10-04 03:00:00.000 +0200,3.0
1325,2016-10-04 04:00:00.000 +0200,3.0
1326,2016-10-04 05:00:00.000 +0200,3.0
1327,2016-10-04 06:00:00.000 +0200,3.0
1328,2016-10-04 07:00:00.000 +0200,3.0
1329,2016-10-04 08:00:00.000 +0200,3.0
1330,2016-10-04 09:00:00.000 +0200,2.0
1331,2016-10-04 10:00:00.000 +0200,2.0
1332,2016-10-04 11:00:00.000 +0200,2.0
1333,2016-10-04 12:00:00.000 +0200,2.0
1334,2016-10-04 13:00:00.000 +0200,3.0
1335,2016-10-04 14:00:00.000 +0200,2.0
1336,2016-10-04 15:00:00.000 +0200,3.0
1337,2016-10-04 16:00:00.000 +0200,3.0
1338,2016-10-04 17:00:00.000 +0200,3.0
1339,2016-10-04 18:00:00.000 +0200,2.0
1340,2016-10-04 19:00:00.000 +0200,3.0
1341,2016-10-04 20:00:00.000 +0200,2.0
1342,2016-10-04 21:00:00.000 +0200,3.0
1343,2016-10-04 22:00:00.000 +0200,3.0
1344,2016-10-04 23:00:00.000 +0200,3.0
1345,2016-10-05 00:00:00.000 +0200,3.0
1346,2016-10-05 01:00:00.000 +0200,3.0
1347,2016-10-05 02:00:00.000 +0200,3.0
1348,2016-10-05 03:00:00.000 +0200,3.0
1349,2016-10-05 04:00:00.000 +0200,3.0
1350,2016-10-05 05:00:00.000 +0200,3.0
1351,2016-10-05 06:00:00.000 +0200,3.0
1352,2016-10-05 07:00:00.000 +0200,3.0
1353,2016-10-05 08:00:00.000 +0200,3.0
1354,2016-10-05 09:00:00.000 +0200,3.0
1355,2016-10-05 10:00:00.000 +0200,3.0
1356,2016-10-05 11:00:00.000 +0200,3.0
1357,2016-10-05 12:00:00.000 +0200,3.0
1358,2016-10-05 13:00:00.000 +0200,3.0
1359,2016-10-05 14:00:00.000 +0200,3.0
1360,2016-10-05 15:00:00.000 +0200,3.0
1361,2016-10-05 16:00:00.000 +0200,3.0
1362,2016-10-05 17:00:00.000 +0200,3.0
1363,2016-10-05 18:00:00.000 +0200,3.0
1364,2016-10-05 19:00:00.000 +0200,3.0
1365,2016-10-05 20:00:00.000 +0200,3.0
1366,2016-10-05 21:00:00.000 +0200,3.0
1367,2016-10-05 22:00:00.000 +0200,3.0
1368,2016-10-05 23:00:00.000 +0200,3.0
1369,2016-10-06 00:00:00.000 +0200,3.0
1370,2016-10-06 01:00:00.000 +0200,3.0
1371,2016-10-06 02:00:00.000 +0200,3.0
1372,2016-10-06 03:00:00.000 +0200,3.0
1373,2016-10-06 04:00:00.000 +0200,3.0
1374,2016-10-06 05:00:00.000 +0200,3.0
1375,2016-10-06 06:00:00.000 +0200,3.0
1376,2016-10-06 07:00:00.000 +0200,3.0
1377,2016-10-06 08:00:00.000 +0200,3.0
1378,2016-10-06 09:00:00.000 +0200,3.0
1379,2016-10-06 10:00:00.000 +0200,3.0
1380,2016-10-06 11:00:00.000 +0200,3.0
1381,2016-10-06 12:00:00.000 +0200,3.0
1382,2016-10-06 13:00:00.000 +0200,3.0
1383,2016-10-06 14:00:00.000 +0200,3.0
1384,2016-10-06 15:00:00.000 +0200,3.0
1385,2016-10-06 16:00:00.000 +0200,3.0
1386,2016-10-06 17:00:00.000 +0200,3.0
1387,2016-10-06 18:00:00.000 +0200,3.0
1388,2016-10-06 19:00:00.000 +0200,3.0
1389,2016-10-06 20:00:00.000 +0200,3.0
1390,2016-10-06 21:00:00.000 +0200,3.0
1391,2016-10-06 22:00:00.000 +0200,3.0
1392,2016-10-06 23:00:00.000 +0200,3.0
1393,2016-10-07 00:00:00.000 +0200,3.0
1394,2016-10-07 01:00:00.000 +0200,3.0
1395,2016-10-07 02:00:00.000 +0200,3.0
1396,2016-10-07 03:00:00.000 +0200,3.0
1397,2016-10-07 04:00:00.000 +0200,2.0
1398,2016-10-07 05:00:00.000 +0200,2.0
1399,2016-10-07 06:00:00.000 +0200,5.0
1400,2016-10-07 07:00:00.000 +0200,5.0
1401,2016-10-07 08:00:00.000 +0200,5.0
1402,2016-10-07 09:00:00.000 +0200,2.0
1403,2016-10-07 10:00:00.000 +0200,2.0
1404,2016-10-07 11:00:00.000 +0200,2.0
1405,2016-10-07 12:00:00.000 +0200,2.0
1406,2016-10-07 13:00:00.000 +0200,2.0
1407,2016-10-07 14:00:00.000 +0200,3.0
1408,2016-10-07 15:00:00.000 +0200,3.0
1409,2016-10-07 16:00:00.000 +0200,3.0
1410,2016-10-07 17:00:00.000 +0200,3.0
1411,2016-10-07 18:00:00.000 +0200,3.0
1412,2016-10-07 19:00:00.000 +0200,2.0
1413,2016-10-07 20:00:00.000 +0200,2.0
1414,2016-10-07 21:00:00.000 +0200,2.0
1415,2016-10-07 22:00:00.000 +0200,3.0
1416,2016-10-07 23:00:00.000 +0200,2.0
1417,2016-10-08 00:00:00.000 +0200,2.0
1418,2016-10-08 01:00:00.000 +0200,3.0
1419,2016-10-08 02:00:00.000 +0200,3.0
1420,2016-10-08 03:00:00.000 +0200,3.0
1421,2016-10-08 04:00:00.000 +0200,5.0
1422,2016-10-08 05:00:00.000 +0200,5.0
1423,2016-10-08 06:00:00.000 +0200,5.0
1424,2016-10-08 07:00:00.000 +0200,5.0
1425,2016-10-08 08:00:00.000 +0200,5.0
1426,2016-10-08 09:00:00.000 +0200,5.0
1427,2016-10-08 10:00:00.000 +0200,2.0
1428,2016-10-08 11:00:00.000 +0200,2.0
1429,2016-10-08 12:00:00.000 +0200,2.0
1430,2016-10-08 13:00:00.000 +0200,3.0
1431,2016-10-08 14:00:00.000 +0200,3.0
1432,2016-10-08 15:00:00.000 +0200,3.0
1433,2016-10-08 16:00:00.000 +0200,3.0
1434,2016-10-08 17:00:00.000 +0200,3.0
1435,2016-10-08 18:00:00.000 +0200,3.0
1436,2016-10-08 19:00:00.000 +0200,3.0
1437,2016-10-08 20:00:00.000 +0200,3.0
1438,2016-10-08 21:00:00.000 +0200,3.0
1439,2016-10-08 22:00:00.000 +0200,3.0
1440,2016-10-08 23:00:00.000 +0200,3.0
1441,2016-10-09 00:00:00.000 +0200,2.0
1442,2016-10-09 01:00:00.000 +0200,2.0
1443,2016-10-09 02:00:00.000 +0200,2.0
1444,2016-10-09 03:00:00.000 +0200,2.0
1445,2016-10-09 04:00:00.000 +0200,2.0
1446,2016-10-09 05:00:00.000 +0200,2.0
1447,2016-10-09 06:00:00.000 +0200,2.0
1448,2016-10-09 07:00:00.000 +0200,2.0
1449,2016-10-09 08:00:00.000 +0200,2.0
1450,2016-10-09 09:00:00.000 +0200,2.0
1451,2016-10-09 10:00:00.000 +0200,2.0
1452,2016-10-09 11:00:00.000 +0200,2.0
1453,2016-10-09 12:00:00.000 +0200,2.0
1454,2016-10-09 13:00:00.000 +0200,2.0
1455,2016-10-09 14:00:00.000 +0200,2.0
1456,2016-10-09 15:00:00.000 +0200,2.0
1457,2016-10-09 16:00:00.000 +0200,2.0
1458,2016-10-09 17:00:00.000 +0200,2.0
1459,2016-10-09 18:00:00.000 +0200,2.0
1460,2016-10-09 19:00:00.000 +0200,2.0
1461,2016-10-09 20:00:00.000 +0200,2.0
1462,2016-10-09 21:00:00.000 +0200,2.0
1463,2016-10-09 22:00:00.000 +0200,2.0
1464,2016-10-09 23:00:00.000 +0200,2.0
1465,2016-09-01 00:00:00.000 +0200,2.0
1466,2016-09-01 01:00:00.000 +0200,2.0
1467,2016-09-01 02:00:00.000 +0200,2.0
1468,2016-09-01 03:00:00.000 +0200,2.0
1469,2016-09-01 04:00:00.000 +0200,2.0
1470,2016-09-01 05:00:00.000 +0200,2.0
1471,2016-09-01 06:00:00.000 +0200,2.0
1472,2016-09-01 07:00:00.000 +0200,2.0
1473,2016-09-01 08:00:00.000 +0200,2.0
1474,2016-09-01 09:00:00.000 +0200,2.0
1475,2016-09-01 10:00:00.000 +0200,2.0
1476,2016-09-01 11:00:00.000 +0200,2.0
1477,2016-09-01 12:00:00.000 +0200,2.0
1478,2016-09-01 13:00:00.000 +0200,2.0
1479,2016-09-01 14:00:00.000 +0200,2.0
1480,2016-09-01 15:00:00.000 +0200,2.0
1481,2016-09-01 16:00:00.000 +0200,2.0
1482,2016-09-01 17:00:00.000 +0200,2.0
1483,2016-09-01 18:00:00.000 +0200,2.0
1484,2016-09-01 19:00:00.000 +0200,2.0
1485,2016-09-01 20:00:00.000 +0200,2.0
1486,2016-09-01 21:00:00.000 +0200,2.0
1487,2016-09-01 22:00:00.000 +0200,2.0
1488,2016-09-01 23:00:00.000 +0200,2.0
1489,2016-09-10 00:00:00.000 +0200,2.0
1490,2016-09-10 01:00:00.000 +0200,2.0
1491,2016-09-10 02:00:00.000 +0200,2.0
1492,2016-09-10 03:00:00.000 +0200,3.0
1493,2016-09-10 04:00:00.000 +0200,3.0
1494,2016-09-10 05:00:00.000 +0200,3.0
1495,2016-09-10 06:00:00.000 +0200,3.0
1496,2016-09-10 07:00:00.000 +0200,3.0
1497,2016-09-10 08:00:00.000 +0200,2.0
1498,2016-09-10 09:00:00.000 +0200,2.0
1499,2016-09-10 10:00:00.000 +0200,2.0
1500,2016-09-10 11:00:00.000 +0200,2.0
1501,2016-09-10 12:00:00.000 +0200,2.0
1502,2016-09-10 13:00:00.000 +0200,2.0
1503,2016-09-10 14:00:00.000 +0200,2.0
1504,2016-09-10 15:00:00.000 +0200,2.0
1505,2016-09-10 16:00:00.000 +0200,2.0
1506,2016-09-10 17:00:00.000 +0200,2.0
1507,2016-09-10 18:00:00.000 +0200,2.0
1508,2016-09-10 19:00:00.000 +0200,2.0
1509,2016-09-10 20:00:00.000 +0200,2.0
1510,2016-09-10 21:00:00.000 +0200,2.0
1511,2016-09-10 22:00:00.000 +0200,2.0
1512,2016-09-10 23:00:00.000 +0200,2.0
1513,2016-09-11 00:00:00.000 +0200,2.0
1514,2016-09-11 01:00:00.000 +0200,2.0
1515,2016-09-11 02:00:00.000 +0200,2.0
1516,2016-09-11 03:00:00.000 +0200,2.0
1517,2016-09-11 04:00:00.000 +0200,2.0
1518,2016-09-11 05:00:00.000 +0200,2.0
1519,2016-09-11 06:00:00.000 +0200,2.0
1520,2016-09-11 07:00:00.000 +0200,2.0
1521,2016-09-11 08:00:00.000 +0200,2.0
1522,2016-09-11 09:00:00.000 +0200,2.0
1523,2016-09-11 10:00:00.000 +0200,2.0
1524,2016-09-11 11:00:00.000 +0200,2.0
1525,2016-09-11 12:00:00.000 +0200,2.0
1526,2016-09-11 13:00:00.000 +0200,2.0
1527,2016-09-11 14:00:00.000 +0200,2.0
1528,2016-09-11 15:00:00.000 +0200,2.0
1529,2016-09-11 16:00:00.000 +0200,2.0
1530,2016-09-11 17:00:00.000 +0200,2.0
1531,2016-09-11 18:00:00.000 +0200,2.0
1532,2016-09-11 19:00:00.000 +0200,2.0
1533,2016-09-11 20:00:00.000 +0200,2.0
1534,2016-09-11 21:00:00.000 +0200,2.0
1535,2016-09-11 22:00:00.000 +0200,2.0
1536,2016-09-11 23:00:00.000 +0200,2.0
1537,2016-09-12 00:00:00.000 +0200,2.0
1538,2016-09-12 01:00:00.000 +0200,2.0
1539,2016-09-12 02:00:00.000 +0200,2.0
1540,2016-09-12 03:00:00.000 +0200,2.0
1541,2016-09-12 04:00:00.000 +0200,2.0
1542,2016-09-12 05:00:00.000 +0200,2.0
1543,2016-09-12 06:00:00.000 +0200,2.0
1544,2016-09-12 07:00:00.000 +0200,2.0
1545,2016-09-12 08:00:00.000 +0200,2.0
1546,2016-09-12 09:00:00.000 +0200,2.0
1547,2016-09-12 10:00:00.000 +0200,2.0
1548,2016-09-12 11:00:00.000 +0200,2.0
1549,2016-09-12 12:00:00.000 +0200,2.0
1550,2016-09-12 13:00:00.000 +0200,2.0
1551,2016-09-12 14:00:00.000 +0200,2.0
1552,2016-09-12 15:00:00.000 +0200,2.0
1553,2016-09-12 16:00:00.000 +0200,3.0
1554,2016-09-12 17:00:00.000 +0200,3.0
1555,2016-09-12 18:00:00.000 +0200,3.0
1556,2016-09-12 19:00:00.000 +0200,3.0
1557,2016-09-12 20:00:00.000 +0200,3.0
1558,2016-09-12 21:00:00.000 +0200,2.0
1559,2016-09-12 22:00:00.000 +0200,2.0
1560,2016-09-12 23:00:00.000 +0200,2.0
1561,2016-09-13 00:00:00.000 +0200,2.0
1562,2016-09-13 01:00:00.000 +0200,2.0
1563,2016-09-13 02:00:00.000 +0200,2.0
1564,2016-09-13 03:00:00.000 +0200,2.0
1565,2016-09-13 04:00:00.000 +0200,2.0
1566,2016-09-13 05:00:00.000 +0200,5.0
1567,2016-09-13 06:00:00.000 +0200,5.0
1568,2016-09-13 07:00:00.000 +0200,5.0
1569,2016-09-13 08:00:00.000 +0200,2.0
1570,2016-09-13 09:00:00.000 +0200,2.0
1571,2016-09-13 10:00:00.000 +0200,2.0
1572,2016-09-13 11:00:00.000 +0200,2.0
1573,2016-09-13 12:00:00.000 +0200,2.0
1574,2016-09-13 13:00:00.000 +0200,2.0
1575,2016-09-13 14:00:00.000 +0200,2.0
1576,2016-09-13 15:00:00.000 +0200,2.0
1577,2016-09-13 16:00:00.000 +0200,2.0
1578,2016-09-13 17:00:00.000 +0200,2.0
1579,2016-09-13 18:00:00.000 +0200,2.0
1580,2016-09-13 19:00:00.000 +0200,2.0
1581,2016-09-13 20:00:00.000 +0200,2.0
1582,2016-09-13 21:00:00.000 +0200,2.0
1583,2016-09-13 22:00:00.000 +0200,2.0
1584,2016-09-13 23:00:00.000 +0200,2.0
1585,2016-09-14 00:00:00.000 +0200,2.0
1586,2016-09-14 01:00:00.000 +0200,2.0
1587,2016-09-14 02:00:00.000 +0200,2.0
1588,2016-09-14 03:00:00.000 +0200,2.0
1589,2016-09-14 04:00:00.000 +0200,2.0
1590,2016-09-14 05:00:00.000 +0200,2.0
1591,2016-09-14 06:00:00.000 +0200,2.0
1592,2016-09-14 07:00:00.000 +0200,2.0
1593,2016-09-14 08:00:00.000 +0200,2.0
1594,2016-09-14 09:00:00.000 +0200,2.0
1595,2016-09-14 10:00:00.000 +0200,2.0
1596,2016-09-14 11:00:00.000 +0200,2.0
1597,2016-09-14 12:00:00.000 +0200,2.0
1598,2016-09-14 13:00:00.000 +0200,2.0
1599,2016-09-14 14:00:00.000 +0200,2.0
1600,2016-09-14 15:00:00.000 +0200,2.0
1601,2016-09-14 16:00:00.000 +0200,2.0
1602,2016-09-14 17:00:00.000 +0200,2.0
1603,2016-09-14 18:00:00.000 +0200,2.0
1604,2016-09-14 19:00:00.000 +0200,2.0
1605,2016-09-14 20:00:00.000 +0200,2.0
1606,2016-09-14 21:00:00.000 +0200,2.0
1607,2016-09-14 22:00:00.000 +0200,2.0
1608,2016-09-14 23:00:00.000 +0200,2.0
1609,2016-09-15 00:00:00.000 +0200,2.0
1610,2016-09-15 01:00:00.000 +0200,2.0
1611,2016-09-15 02:00:00.000 +0200,2.0
1612,2016-09-15 03:00:00.000 +0200,2.0
1613,2016-09-15 04:00:00.000 +0200,2.0
1614,2016-09-15 05:00:00.000 +0200,2.0
1615,2016-09-15 06:00:00.000 +0200,5.0
1616,2016-09-15 07:00:00.000 +0200,2.0
1617,2016-09-15 08:00:00.000 +0200,2.0
1618,2016-09-15 09:00:00.000 +0200,2.0
1619,2016-09-15 10:00:00.000 +0200,2.0
1620,2016-09-15 11:00:00.000 +0200,2.0
1621,2016-09-15 12:00:00.000 +0200,2.0
1622,2016-09-15 13:00:00.000 +0200,2.0
1623,2016-09-15 14:00:00.000 +0200,2.0
1624,2016-09-15 15:00:00.000 +0200,2.0
1625,2016-09-15 16:00:00.000 +0200,2.0
1626,2016-09-15 17:00:00.000 +0200,2.0
1627,2016-09-15 18:00:00.000 +0200,2.0
1628,2016-09-15 19:00:00.000 +0200,2.0
1629,2016-09-15 20:00:00.000 +0200,2.0
1630,2016-09-15 21:00:00.000 +0200,2.0
1631,2016-09-15 22:00:00.000 +0200,2.0
1632,2016-09-15 23:00:00.000 +0200,2.0
1633,2016-09-16 00:00:00.000 +0200,2.0
1634,2016-09-16 01:00:00.000 +0200,2.0
1635,2016-09-16 02:00:00.000 +0200,2.0
1636,2016-09-16 03:00:00.000 +0200,2.0
1637,2016-09-16 04:00:00.000 +0200,2.0
1638,2016-09-16 05:00:00.000 +0200,3.0
1639,2016-09-16 06:00:00.000 +0200,3.0
1640,2016-09-16 07:00:00.000 +0200,3.0
1641,2016-09-16 08:00:00.000 +0200,3.0
1642,2016-09-16 09:00:00.000 +0200,3.0
1643,2016-09-16 10:00:00.000 +0200,2.0
1644,2016-09-16 11:00:00.000 +0200,2.0
1645,2016-09-16 12:00:00.000 +0200,2.0
1646,2016-09-16 13:00:00.000 +0200,2.0
1647,2016-09-16 14:00:00.000 +0200,2.0
1648,2016-09-16 15:00:00.000 +0200,2.0
1649,2016-09-16 16:00:00.000 +0200,2.0
1650,2016-09-16 17:00:00.000 +0200,2.0
1651,2016-09-16 18:00:00.000 +0200,2.0
1652,2016-09-16 19:00:00.000 +0200,2.0
1653,2016-09-16 20:00:00.000 +0200,2.0
1654,2016-09-16 21:00:00.000 +0200,2.0
1655,2016-09-16 22:00:00.000 +0200,2.0
1656,2016-09-16 23:00:00.000 +0200,2.0
1657,2016-09-17 00:00:00.000 +0200,2.0
1658,2016-09-17 01:00:00.000 +0200,2.0
1659,2016-09-17 02:00:00.000 +0200,2.0
1660,2016-09-17 03:00:00.000 +0200,2.0
1661,2016-09-17 04:00:00.000 +0200,3.0
1662,2016-09-17 05:00:00.000 +0200,3.0
1663,2016-09-17 06:00:00.000 +0200,3.0
1664,2016-09-17 07:00:00.000 +0200,3.0
1665,2016-09-17 08:00:00.000 +0200,2.0
1666,2016-09-17 09:00:00.000 +0200,2.0
1667,2016-09-17 10:00:00.000 +0200,2.0
1668,2016-09-17 11:00:00.000 +0200,2.0
1669,2016-09-17 12:00:00.000 +0200,2.0
1670,2016-09-17 13:00:00.000 +0200,2.0
1671,2016-09-17 14:00:00.000 +0200,2.0
1672,2016-09-17 15:00:00.000 +0200,2.0
1673,2016-09-17 16:00:00.000 +0200,2.0
1674,2016-09-17 17:00:00.000 +0200,2.0
1675,2016-09-17 18:00:00.000 +0200,2.0
1676,2016-09-17 19:00:00.000 +0200,2.0
1677,2016-09-17 20:00:00.000 +0200,2.0
1678,2016-09-17 21:00:00.000 +0200,2.0
1679,2016-09-17 22:00:00.000 +0200,3.0
1680,2016-09-17 23:00:00.000 +0200,3.0
1681,2016-09-18 00:00:00.000 +0200,3.0
1682,2016-09-18 01:00:00.000 +0200,3.0
1683,2016-09-18 02:00:00.000 +0200,3.0
1684,2016-09-18 03:00:00.000 +0200,3.0
1685,2016-09-18 04:00:00.000 +0200,3.0
1686,2016-09-18 05:00:00.000 +0200,3.0
1687,2016-09-18 06:00:00.000 +0200,3.0
1688,2016-09-18 07:00:00.000 +0200,3.0
1689,2016-09-18 08:00:00.000 +0200,3.0
1690,2016-09-18 09:00:00.000 +0200,3.0
1691,2016-09-18 10:00:00.000 +0200,3.0
1692,2016-09-18 11:00:00.000 +0200,3.0
1693,2016-09-18 12:00:00.000 +0200,3.0
1694,2016-09-18 13:00:00.000 +0200,3.0
1695,2016-09-18 14:00:00.000 +0200,3.0
1696,2016-09-18 15:00:00.000 +0200,3.0
1697,2016-09-18 16:00:00.000 +0200,3.0
1698,2016-09-18 17:00:00.000 +0200,3.0
1699,2016-09-18 18:00:00.000 +0200,3.0
1700,2016-09-18 19:00:00.000 +0200,3.0
1701,2016-09-18 20:00:00.000 +0200,3.0
1702,2016-09-18 21:00:00.000 +0200,3.0
1703,2016-09-18 22:00:00.000 +0200,3.0
1704,2016-09-18 23:00:00.000 +0200,3.0
1705,2016-09-19 00:00:00.000 +0200,2.0
1706,2016-09-19 01:00:00.000 +0200,2.0
1707,2016-09-19 02:00:00.000 +0200,2.0
1708,2016-09-19 03:00:00.000 +0200,2.0
1709,2016-09-19 04:00:00.000 +0200,2.0
1710,2016-09-19 05:00:00.000 +0200,2.0
1711,2016-09-19 06:00:00.000 +0200,2.0
1712,2016-09-19 07:00:00.000 +0200,2.0
1713,2016-09-19 08:00:00.000 +0200,2.0
1714,2016-09-19 09:00:00.000 +0200,2.0
1715,2016-09-19 10:00:00.000 +0200,2.0
1716,2016-09-19 11:00:00.000 +0200,2.0
1717,2016-09-19 12:00:00.000 +0200,2.0
1718,2016-09-19 13:00:00.000 +0200,2.0
1719,2016-09-19 14:00:00.000 +0200,2.0
1720,2016-09-19 15:00:00.000 +0200,2.0
1721,2016-09-19 16:00:00.000 +0200,2.0
1722,2016-09-19 17:00:00.000 +0200,2.0
1723,2016-09-19 18:00:00.000 +0200,2.0
1724,2016-09-19 19:00:00.000 +0200,2.0
1725,2016-09-19 20:00:00.000 +0200,2.0
1726,2016-09-19 21:00:00.000 +0200,2.0
1727,2016-09-19 22:00:00.000 +0200,2.0
1728,2016-09-19 23:00:00.000 +0200,2.0
1729,2016-09-02 00:00:00.000 +0200,3.0
1730,2016-09-02 01:00:00.000 +0200,3.0
1731,2016-09-02 02:00:00.000 +0200,3.0
1732,2016-09-02 03:00:00.000 +0200,5.0
1733,2016-09-02 04:00:00.000 +0200,5.0
1734,2016-09-02 05:00:00.000 +0200,3.0
1735,2016-09-02 06:00:00.000 +0200,3.0
1736,2016-09-02 07:00:00.000 +0200,3.0
1737,2016-09-02 08:00:00.000 +0200,2.0
1738,2016-09-02 09:00:00.000 +0200,3.0
1739,2016-09-02 10:00:00.000 +0200,2.0
1740,2016-09-02 11:00:00.000 +0200,2.0
1741,2016-09-02 12:00:00.000 +0200,3.0
1742,2016-09-02 13:00:00.000 +0200,3.0
1743,2016-09-02 14:00:00.000 +0200,3.0
1744,2016-09-02 15:00:00.000 +0200,2.0
1745,2016-09-02 16:00:00.000 +0200,3.0
1746,2016-09-02 17:00:00.000 +0200,2.0
1747,2016-09-02 18:00:00.000 +0200,3.0
1748,2016-09-02 19:00:00.000 +0200,3.0
1749,2016-09-02 20:00:00.000 +0200,3.0
1750,2016-09-02 21:00:00.000 +0200,3.0
1751,2016-09-02 22:00:00.000 +0200,3.0
1752,2016-09-02 23:00:00.000 +0200,3.0
1753,2016-09-20 00:00:00.000 +0200,3.0
1754,2016-09-20 01:00:00.000 +0200,3.0
1755,2016-09-20 02:00:00.000 +0200,3.0
1756,2016-09-20 03:00:00.000 +0200,3.0
1757,2016-09-20 04:00:00.000 +0200,3.0
1758,2016-09-20 05:00:00.000 +0200,3.0
1759,2016-09-20 06:00:00.000 +0200,3.0
1760,2016-09-20 07:00:00.000 +0200,3.0
1761,2016-09-20 08:00:00.000 +0200,3.0
1762,2016-09-20 09:00:00.000 +0200,3.0
1763,2016-09-20 10:00:00.000 +0200,3.0
1764,2016-09-20 11:00:00.000 +0200,3.0
1765,2016-09-20 12:00:00.000 +0200,3.0
1766,2016-09-20 13:00:00.000 +0200,2.0
1767,2016-09-20 14:00:00.000 +0200,2.0
1768,2016-09-20 15:00:00.000 +0200,2.0
1769,2016-09-20 16:00:00.000 +0200,2.0
1770,2016-09-20 17:00:00.000 +0200,2.0
1771,2016-09-20 18:00:00.000 +0200,2.0
1772,2016-09-20 19:00:00.000 +0200,2.0
1773,2016-09-20 20:00:00.000 +0200,2.0
1774,2016-09-20 21:00:00.000 +0200,2.0
1775,2016-09-20 22:00:00.000 +0200,2.0
1776,2016-09-20 23:00:00.000 +0200,2.0
1777,2016-09-21 00:00:00.000 +0200,2.0
1778,2016-09-21 01:00:00.000 +0200,3.0
1779,2016-09-21 02:00:00.000 +0200,3.0
1780,2016-09-21 03:00:00.000 +0200,3.0
1781,2016-09-21 04:00:00.000 +0200,3.0
1782,2016-09-21 05:00:00.000 +0200,3.0
1783,2016-09-21 06:00:00.000 +0200,3.0
1784,2016-09-21 07:00:00.000 +0200,3.0
1785,2016-09-21 08:00:00.000 +0200,3.0
1786,2016-09-21 09:00:00.000 +0200,3.0
1787,2016-09-21 10:00:00.000 +0200,2.0
1788,2016-09-21 11:00:00.000 +0200,2.0
1789,2016-09-21 12:00:00.000 +0200,2.0
1790,2016-09-21 13:00:00.000 +0200,2.0
1791,2016-09-21 14:00:00.000 +0200,2.0
1792,2016-09-21 15:00:00.000 +0200,2.0
1793,2016-09-21 16:00:00.000 +0200,2.0
1794,2016-09-21 17:00:00.000 +0200,2.0
1795,2016-09-21 18:00:00.000 +0200,2.0
1796,2016-09-21 19:00:00.000 +0200,2.0
1797,2016-09-21 20:00:00.000 +0200,2.0
1798,2016-09-21 21:00:00.000 +0200,2.0
1799,2016-09-21 22:00:00.000 +0200,2.0
1800,2016-09-21 23:00:00.000 +0200,2.0
1801,2016-09-22 00:00:00.000 +0200,2.0
1802,2016-09-22 01:00:00.000 +0200,2.0
1803,2016-09-22 02:00:00.000 +0200,2.0
1804,2016-09-22 03:00:00.000 +0200,2.0
1805,2016-09-22 04:00:00.000 +0200,2.0
1806,2016-09-22 05:00:00.000 +0200,2.0
1807,2016-09-22 06:00:00.000 +0200,2.0
1808,2016-09-22 07:00:00.000 +0200,2.0
1809,2016-09-22 08:00:00.000 +0200,2.0
1810,2016-09-22 09:00:00.000 +0200,2.0
1811,2016-09-22 10:00:00.000 +0200,2.0
1812,2016-09-22 11:00:00.000 +0200,2.0
1813,2016-09-22 12:00:00.000 +0200,2.0
1814,2016-09-22 13:00:00.000 +0200,2.0
1815,2016-09-22 14:00:00.000 +0200,2.0
1816,2016-09-22 15:00:00.000 +0200,2.0
1817,2016-09-22 16:00:00.000 +0200,2.0
1818,2016-09-22 17:00:00.000 +0200,2.0
1819,2016-09-22 18:00:00.000 +0200,2.0
1820,2016-09-22 19:00:00.000 +0200,2.0
1821,2016-09-22 20:00:00.000 +0200,2.0
1822,2016-09-22 21:00:00.000 +0200,2.0
1823,2016-09-22 22:00:00.000 +0200,2.0
1824,2016-09-22 23:00:00.000 +0200,3.0
1825,2016-09-23 00:00:00.000 +0200,2.0
1826,2016-09-23 01:00:00.000 +0200,2.0
1827,2016-09-23 02:00:00.000 +0200,2.0
1828,2016-09-23 03:00:00.000 +0200,2.0
1829,2016-09-23 04:00:00.000 +0200,5.0
1830,2016-09-23 05:00:00.000 +0200,5.0
1831,2016-09-23 06:00:00.000 +0200,5.0
1832,2016-09-23 07:00:00.000 +0200,3.0
1833,2016-09-23 08:00:00.000 +0200,3.0
1834,2016-09-23 09:00:00.000 +0200,2.0
1835,2016-09-23 10:00:00.000 +0200,2.0
1836,2016-09-23 11:00:00.000 +0200,2.0
1837,2016-09-23 12:00:00.000 +0200,2.0
1838,2016-09-23 13:00:00.000 +0200,2.0
1839,2016-09-23 14:00:00.000 +0200,2.0
1840,2016-09-23 15:00:00.000 +0200,2.0
1841,2016-09-23 16:00:00.000 +0200,2.0
1842,2016-09-23 17:00:00.000 +0200,2.0
1843,2016-09-23 18:00:00.000 +0200,2.0
1844,2016-09-23 19:00:00.000 +0200,3.0
1845,2016-09-23 20:00:00.000 +0200,3.0
1846,2016-09-23 21:00:00.000 +0200,3.0
1847,2016-09-23 22:00:00.000 +0200,3.0
1848,2016-09-23 23:00:00.000 +0200,3.0
1849,2016-09-24 00:00:00.000 +0200,2.0
1850,2016-09-24 01:00:00.000 +0200,2.0
1851,2016-09-24 02:00:00.000 +0200,2.0
1852,2016-09-24 03:00:00.000 +0200,2.0
1853,2016-09-24 04:00:00.000 +0200,3.0
1854,2016-09-24 05:00:00.000 +0200,2.0
1855,2016-09-24 06:00:00.000 +0200,2.0
1856,2016-09-24 07:00:00.000 +0200,5.0
1857,2016-09-24 08:00:00.000 +0200,3.0
1858,2016-09-24 09:00:00.000 +0200,3.0
1859,2016-09-24 10:00:00.000 +0200,3.0
1860,2016-09-24 11:00:00.000 +0200,3.0
1861,2016-09-24 12:00:00.000 +0200,3.0
1862,2016-09-24 13:00:00.000 +0200,3.0
1863,2016-09-24 14:00:00.000 +0200,3.0
1864,2016-09-24 15:00:00.000 +0200,3.0
1865,2016-09-24 16:00:00.000 +0200,2.0
1866,2016-09-24 17:00:00.000 +0200,3.0
1867,2016-09-24 18:00:00.000 +0200,2.0
1868,2016-09-24 19:00:00.000 +0200,3.0
1869,2016-09-24 20:00:00.000 +0200,3.0
1870,2016-09-24 21:00:00.000 +0200,3.0
1871,2016-09-24 22:00:00.000 +0200,3.0
1872,2016-09-24 23:00:00.000 +0200,3.0
1873,2016-09-25 00:00:00.000 +0200,2.0
1874,2016-09-25 01:00:00.000 +0200,2.0
1875,2016-09-25 02:00:00.000 +0200,2.0
1876,2016-09-25 03:00:00.000 +0200,2.0
1877,2016-09-25 04:00:00.000 +0200,2.0
1878,2016-09-25 05:00:00.000 +0200,2.0
1879,2016-09-25 06:00:00.000 +0200,2.0
1880,2016-09-25 07:00:00.000 +0200,2.0
1881,2016-09-25 08:00:00.000 +0200,2.0
1882,2016-09-25 09:00:00.000 +0200,2.0
1883,2016-09-25 10:00:00.000 +0200,2.0
1884,2016-09-25 11:00:00.000 +0200,2.0
1885,2016-09-25 12:00:00.000 +0200,2.0
1886,2016-09-25 13:00:00.000 +0200,2.0
1887,2016-09-25 14:00:00.000 +0200,2.0
1888,2016-09-25 15:00:00.000 +0200,2.0
1889,2016-09-25 16:00:00.000 +0200,2.0
1890,2016-09-25 17:00:00.000 +0200,2.0
1891,2016-09-25 18:00:00.000 +0200,2.0
1892,2016-09-25 19:00:00.000 +0200,2.0
1893,2016-09-25 20:00:00.000 +0200,3.0
1894,2016-09-25 21:00:00.000 +0200,3.0
1895,2016-09-25 22:00:00.000 +0200,3.0
1896,2016-09-25 23:00:00.000 +0200,3.0
1897,2016-09-26 00:00:00.000 +0200,3.0
1898,2016-09-26 01:00:00.000 +0200,3.0
1899,2016-09-26 02:00:00.000 +0200,2.0
1900,2016-09-26 03:00:00.000 +0200,2.0
1901,2016-09-26 04:00:00.000 +0200,2.0
1902,2016-09-26 05:00:00.000 +0200,2.0
1903,2016-09-26 06:00:00.000 +0200,2.0
1904,2016-09-26 07:00:00.000 +0200,2.0
1905,2016-09-26 08:00:00.000 +0200,2.0
1906,2016-09-26 09:00:00.000 +0200,2.0
1907,2016-09-26 10:00:00.000 +0200,2.0
1908,2016-09-26 11:00:00.000 +0200,2.0
1909,2016-09-26 12:00:00.000 +0200,2.0
1910,2016-09-26 13:00:00.000 +0200,2.0
1911,2016-09-26 14:00:00.000 +0200,2.0
1912,2016-09-26 15:00:00.000 +0200,2.0
1913,2016-09-26 16:00:00.000 +0200,2.0
1914,2016-09-26 17:00:00.000 +0200,2.0
1915,2016-09-26 18:00:00.000 +0200,2.0
1916,2016-09-26 19:00:00.000 +0200,2.0
1917,2016-09-26 20:00:00.000 +0200,2.0
1918,2016-09-26 21:00:00.000 +0200,2.0
1919,2016-09-26 22:00:00.000 +0200,2.0
1920,2016-09-26 23:00:00.000 +0200,2.0
1921,2016-09-27 00:00:00.000 +0200,2.0
1922,2016-09-27 01:00:00.000 +0200,2.0
1923,2016-09-27 02:00:00.000 +0200,2.0
1924,2016-09-27 03:00:00.000 +0200,2.0
1925,2016-09-27 04:00:00.000 +0200,2.0
1926,2016-09-27 05:00:00.000 +0200,2.0
1927,2016-09-27 06:00:00.000 +0200,2.0
1928,2016-09-27 07:00:00.000 +0200,2.0
1929,2016-09-27 08:00:00.000 +0200,2.0
1930,2016-09-27 09:00:00.000 +0200,2.0
1931,2016-09-27 10:00:00.000 +0200,2.0
1932,2016-09-27 11:00:00.000 +0200,2.0
1933,2016-09-27 12:00:00.000 +0200,2.0
1934,2016-09-27 13:00:00.000 +0200,2.0
1935,2016-09-27 14:00:00.000 +0200,2.0
1936,2016-09-27 15:00:00.000 +0200,5.0
1937,2016-09-27 16:00:00.000 +0200,2.0
1938,2016-09-27 17:00:00.000 +0200,2.0
1939,2016-09-27 18:00:00.000 +0200,2.0
1940,2016-09-27 19:00:00.000 +0200,2.0
1941,2016-09-27 20:00:00.000 +0200,3.0
1942,2016-09-27 21:00:00.000 +0200,3.0
1943,2016-09-27 22:00:00.000 +0200,3.0
1944,2016-09-27 23:00:00.000 +0200,3.0
1945,2016-09-28 00:00:00.000 +0200,3.0
1946,2016-09-28 01:00:00.000 +0200,3.0
1947,2016-09-28 02:00:00.000 +0200,2.0
1948,2016-09-28 03:00:00.000 +0200,2.0
1949,2016-09-28 04:00:00.000 +0200,3.0
1950,2016-09-28 05:00:00.000 +0200,2.0
1951,2016-09-28 06:00:00.000 +0200,2.0
1952,2016-09-28 07:00:00.000 +0200,2.0
1953,2016-09-28 08:00:00.000 +0200,3.0
1954,2016-09-28 09:00:00.000 +0200,3.0
1955,2016-09-28 10:00:00.000 +0200,2.0
1956,2016-09-28 11:00:00.000 +0200,2.0
1957,2016-09-28 12:00:00.000 +0200,2.0
1958,2016-09-28 13:00:00.000 +0200,2.0
1959,2016-09-28 14:00:00.000 +0200,2.0
1960,2016-09-28 15:00:00.000 +0200,2.0
1961,2016-09-28 16:00:00.000 +0200,2.0
1962,2016-09-28 17:00:00.000 +0200,2.0
1963,2016-09-28 18:00:00.000 +0200,2.0
1964,2016-09-28 19:00:00.000 +0200,2.0
1965,2016-09-28 20:00:00.000 +0200,2.0
1966,2016-09-28 21:00:00.000 +0200,2.0
1967,2016-09-28 22:00:00.000 +0200,2.0
1968,2016-09-28 23:00:00.000 +0200,2.0
1969,2016-09-29 00:00:00.000 +0200,2.0
1970,2016-09-29 01:00:00.000 +0200,2.0
1971,2016-09-29 02:00:00.000 +0200,2.0
1972,2016-09-29 03:00:00.000 +0200,2.0
1973,2016-09-29 04:00:00.000 +0200,2.0
1974,2016-09-29 05:00:00.000 +0200,2.0
1975,2016-09-29 06:00:00.000 +0200,2.0
1976,2016-09-29 07:00:00.000 +0200,2.0
1977,2016-09-29 08:00:00.000 +0200,2.0
1978,2016-09-29 09:00:00.000 +0200,2.0
1979,2016-09-29 10:00:00.000 +0200,2.0
1980,2016-09-29 11:00:00.000 +0200,2.0
1981,2016-09-29 12:00:00.000 +0200,2.0
1982,2016-09-29 13:00:00.000 +0200,2.0
1983,2016-09-29 14:00:00.000 +0200,2.0
1984,2016-09-29 15:00:00.000 +0200,2.0
1985,2016-09-29 16:00:00.000 +0200,2.0
1986,2016-09-29 17:00:00.000 +0200,2.0
1987,2016-09-29 18:00:00.000 +0200,2.0
1988,2016-09-29 19:00:00.000 +0200,2.0
1989,2016-09-29 20:00:00.000 +0200,2.0
1990,2016-09-29 21:00:00.000 +0200,2.0
1991,2016-09-29 22:00:00.000 +0200,2.0
1992,2016-09-29 23:00:00.000 +0200,2.0
1993,2016-09-03 00:00:00.000 +0200,2.0
1994,2016-09-03 01:00:00.000 +0200,2.0
1995,2016-09-03 02:00:00.000 +0200,2.0
1996,2016-09-03 03:00:00.000 +0200,2.0
1997,2016-09-03 04:00:00.000 +0200,2.0
1998,2016-09-03 05:00:00.000 +0200,2.0
1999,2016-09-03 06:00:00.000 +0200,2.0
2000,2016-09-03 07:00:00.000 +0200,2.0
2001,2016-09-03 08:00:00.000 +0200,2.0
2002,2016-09-03 09:00:00.000 +0200,2.0
2003,2016-09-03 10:00:00.000 +0200,2.0
2004,2016-09-03 11:00:00.000 +0200,2.0
2005,2016-09-03 12:00:00.000 +0200,2.0
2006,2016-09-03 13:00:00.000 +0200,2.0
2007,2016-09-03 14:00:00.000 +0200,2.0
2008,2016-09-03 15:00:00.000 +0200,2.0
2009,2016-09-03 16:00:00.000 +0200,2.0
2010,2016-09-03 17:00:00.000 +0200,2.0
2011,2016-09-03 18:00:00.000 +0200,2.0
2012,2016-09-03 19:00:00.000 +0200,2.0
2013,2016-09-03 20:00:00.000 +0200,2.0
2014,2016-09-03 21:00:00.000 +0200,2.0
2015,2016-09-03 22:00:00.000 +0200,2.0
2016,2016-09-03 23:00:00.000 +0200,3.0
2017,2016-09-30 00:00:00.000 +0200,2.0
2018,2016-09-30 01:00:00.000 +0200,2.0
2019,2016-09-30 02:00:00.000 +0200,2.0
2020,2016-09-30 03:00:00.000 +0200,2.0
2021,2016-09-30 04:00:00.000 +0200,2.0
2022,2016-09-30 05:00:00.000 +0200,2.0
2023,2016-09-30 06:00:00.000 +0200,2.0
2024,2016-09-30 07:00:00.000 +0200,3.0
2025,2016-09-30 08:00:00.000 +0200,3.0
2026,2016-09-30 09:00:00.000 +0200,2.0
2027,2016-09-30 10:00:00.000 +0200,2.0
2028,2016-09-30 11:00:00.000 +0200,2.0
2029,2016-09-30 12:00:00.000 +0200,2.0
2030,2016-09-30 13:00:00.000 +0200,2.0
2031,2016-09-30 14:00:00.000 +0200,3.0
2032,2016-09-30 15:00:00.000 +0200,3.0
2033,2016-09-30 16:00:00.000 +0200,3.0
2034,2016-09-30 17:00:00.000 +0200,3.0
2035,2016-09-30 18:00:00.000 +0200,3.0
2036,2016-09-30 19:00:00.000 +0200,3.0
2037,2016-09-30 20:00:00.000 +0200,2.0
2038,2016-09-30 21:00:00.000 +0200,2.0
2039,2016-09-30 22:00:00.000 +0200,2.0
2040,2016-09-30 23:00:00.000 +0200,2.0
2041,2016-09-04 00:00:00.000 +0200,2.0
2042,2016-09-04 01:00:00.000 +0200,2.0
2043,2016-09-04 02:00:00.000 +0200,2.0
2044,2016-09-04 03:00:00.000 +0200,3.0
2045,2016-09-04 04:00:00.000 +0200,3.0
2046,2016-09-04 05:00:00.000 +0200,3.0
2047,2016-09-04 06:00:00.000 +0200,3.0
2048,2016-09-04 07:00:00.000 +0200,3.0
2049,2016-09-04 08:00:00.000 +0200,3.0
2050,2016-09-04 09:00:00.000 +0200,3.0
2051,2016-09-04 10:00:00.000 +0200,3.0
2052,2016-09-04 11:00:00.000 +0200,3.0
2053,2016-09-04 12:00:00.000 +0200,3.0
2054,2016-09-04 13:00:00.000 +0200,3.0
2055,2016-09-04 14:00:00.000 +0200,3.0
2056,2016-09-04 15:00:00.000 +0200,3.0
2057,2016-09-04 16:00:00.000 +0200,3.0
2058,2016-09-04 17:00:00.000 +0200,3.0
2059,2016-09-04 18:00:00.000 +0200,3.0
2060,2016-09-04 19:00:00.000 +0200,3.0
2061,2016-09-04 20:00:00.000 +0200,3.0
2062,2016-09-04 21:00:00.000 +0200,3.0
2063,2016-09-04 22:00:00.000 +0200,3.0
2064,2016-09-04 23:00:00.000 +0200,2.0
2065,2016-09-05 00:00:00.000 +0200,2.0
2066,2016-09-05 01:00:00.000 +0200,2.0
2067,2016-09-05 02:00:00.000 +0200,2.0
2068,2016-09-05 03:00:00.000 +0200,2.0
2069,2016-09-05 04:00:00.000 +0200,2.0
2070,2016-09-05 05:00:00.000 +0200,2.0
2071,2016-09-05 06:00:00.000 +0200,3.0
2072,2016-09-05 07:00:00.000 +0200,3.0
2073,2016-09-05 08:00:00.000 +0200,3.0
2074,2016-09-05 09:00:00.000 +0200,3.0
2075,2016-09-05 10:00:00.000 +0200,2.0
2076,2016-09-05 11:00:00.000 +0200,2.0
2077,2016-09-05 12:00:00.000 +0200,3.0
2078,2016-09-05 13:00:00.000 +0200,2.0
2079,2016-09-05 14:00:00.000 +0200,2.0
2080,2016-09-05 15:00:00.000 +0200,2.0
2081,2016-09-05 16:00:00.000 +0200,2.0
2082,2016-09-05 17:00:00.000 +0200,2.0
2083,2016-09-05 18:00:00.000 +0200,2.0
2084,2016-09-05 19:00:00.000 +0200,3.0
2085,2016-09-05 20:00:00.000 +0200,3.0
2086,2016-09-05 21:00:00.000 +0200,3.0
2087,2016-09-05 22:00:00.000 +0200,3.0
2088,2016-09-05 23:00:00.000 +0200,3.0
2089,2016-09-06 00:00:00.000 +0200,3.0
2090,2016-09-06 01:00:00.000 +0200,3.0
2091,2016-09-06 02:00:00.000 +0200,3.0
2092,2016-09-06 03:00:00.000 +0200,3.0
2093,2016-09-06 04:00:00.000 +0200,3.0
2094,2016-09-06 05:00:00.000 +0200,3.0
2095,2016-09-06 06:00:00.000 +0200,3.0
2096,2016-09-06 07:00:00.000 +0200,2.0
2097,2016-09-06 08:00:00.000 +0200,2.0
2098,2016-09-06 09:00:00.000 +0200,2.0
2099,2016-09-06 10:00:00.000 +0200,2.0
2100,2016-09-06 11:00:00.000 +0200,2.0
2101,2016-09-06 12:00:00.000 +0200,2.0
2102,2016-09-06 13:00:00.000 +0200,2.0
2103,2016-09-06 14:00:00.000 +0200,2.0
2104,2016-09-06 15:00:00.000 +0200,2.0
2105,2016-09-06 16:00:00.000 +0200,2.0
2106,2016-09-06 17:00:00.000 +0200,2.0
2107,2016-09-06 18:00:00.000 +0200,2.0
2108,2016-09-06 19:00:00.000 +0200,2.0
2109,2016-09-06 20:00:00.000 +0200,2.0
2110,2016-09-06 21:00:00.000 +0200,2.0
2111,2016-09-06 22:00:00.000 +0200,2.0
2112,2016-09-06 23:00:00.000 +0200,2.0
2113,2016-09-07 00:00:00.000 +0200,2.0
2114,2016-09-07 01:00:00.000 +0200,2.0
2115,2016-09-07 02:00:00.000 +0200,2.0
2116,2016-09-07 03:00:00.000 +0200,2.0
2117,2016-09-07 04:00:00.000 +0200,2.0
2118,2016-09-07 05:00:00.000 +0200,3.0
2119,2016-09-07 06:00:00.000 +0200,3.0
2120,2016-09-07 07:00:00.000 +0200,3.0
2121,2016-09-07 08:00:00.000 +0200,3.0
2122,2016-09-07 09:00:00.000 +0200,2.0
2123,2016-09-07 10:00:00.000 +0200,2.0
2124,2016-09-07 11:00:00.000 +0200,2.0
2125,2016-09-07 12:00:00.000 +0200,2.0
2126,2016-09-07 13:00:00.000 +0200,2.0
2127,2016-09-07 14:00:00.000 +0200,2.0
2128,2016-09-07 15:00:00.000 +0200,2.0
2129,2016-09-07 16:00:00.000 +0200,2.0
2130,2016-09-07 17:00:00.000 +0200,2.0
2131,2016-09-07 18:00:00.000 +0200,2.0
2132,2016-09-07 19:00:00.000 +0200,2.0
2133,2016-09-07 20:00:00.000 +0200,2.0
2134,2016-09-07 21:00:00.000 +0200,2.0
2135,2016-09-07 22:00:00.000 +0200,2.0
2136,2016-09-07 23:00:00.000 +0200,2.0
2137,2016-09-08 00:00:00.000 +0200,2.0
2138,2016-09-08 01:00:00.000 +0200,2.0
2139,2016-09-08 02:00:00.000 +0200,2.0
2140,2016-09-08 03:00:00.000 +0200,2.0
2141,2016-09-08 04:00:00.000 +0200,2.0
2142,2016-09-08 05:00:00.000 +0200,2.0
2143,2016-09-08 06:00:00.000 +0200,2.0
2144,2016-09-08 07:00:00.000 +0200,2.0
2145,2016-09-08 08:00:00.000 +0200,2.0
2146,2016-09-08 09:00:00.000 +0200,2.0
2147,2016-09-08 10:00:00.000 +0200,2.0
2148,2016-09-08 11:00:00.000 +0200,2.0
2149,2016-09-08 12:00:00.000 +0200,2.0
2150,2016-09-08 13:00:00.000 +0200,2.0
2151,2016-09-08 14:00:00.000 +0200,2.0
2152,2016-09-08 15:00:00.000 +0200,2.0
2153,2016-09-08 16:00:00.000 +0200,2.0
2154,2016-09-08 17:00:00.000 +0200,2.0
2155,2016-09-08 18:00:00.000 +0200,2.0
2156,2016-09-08 19:00:00.000 +0200,2.0
2157,2016-09-08 20:00:00.000 +0200,2.0
2158,2016-09-08 21:00:00.000 +0200,2.0
2159,2016-09-08 22:00:00.000 +0200,2.0
2160,2016-09-08 23:00:00.000 +0200,2.0
